ticker,num_comments,comment_sentiment_average,latest_comment_date,score,upvote_ratio,date,domain,num_crossposts,author,timestamp,commentdate
AAPL,318,0.2037037037037037,1470800294.0,564,0.92,1463400796.0,self.investing,0,timeforknowledge,2016-05-16 06:13:16,2016-08-09 21:38:14
AAPL,366,0.05263157894736842,1471364208.0,597,0.89,1471268111.0,self.investing,0,ArthurJMunoz,2016-08-15 07:35:11,2016-08-16 10:16:48
AMD,282,0.15151515151515152,1486819121.0,744,0.9,1486395063.0,self.wallstreetbets,0,Snutten,2017-02-06 08:31:03,2017-02-11 06:18:41
AAPL,314,-0.11764705882352941,1497167319.0,439,0.93,1497034665.0,self.investing,0,Azerty800,2017-06-09 12:57:45,2017-06-11 01:48:39
MSFT,314,-0.11764705882352941,1497167319.0,443,0.93,1497034665.0,self.investing,0,Azerty800,2017-06-09 12:57:45,2017-06-11 01:48:39
AAPL,276,0.10256410256410256,1517571847.0,754,0.94,1517510267.0,self.wallstreetbets,0,11thMoon,2018-02-01 11:37:47,2018-02-02 04:44:07
AAPL,232,0.2,1524531279.0,1252,0.96,1524414740.0,self.wallstreetbets,0,lulzcakes,2018-04-22 10:32:20,2018-04-23 18:54:39
AAPL,407,0.175,1533165327.0,1055,0.95,1533069668.0,self.investing,0,irishbball49,2018-07-31 14:41:08,2018-08-01 17:15:27
AMD,120,0.09090909090909091,1540419829.0,1412,0.98,1536786346.0,self.wallstreetbets,0,Blackwhiteasianand,2018-09-12 15:05:46,2018-10-24 16:23:49
MSFT,455,0.07881773399014778,1540430185.0,158,0.97,1540409316.0,self.wallstreetbets,0,Shauncore,2018-10-24 13:28:36,2018-10-24 19:16:25
MSFT,420,0.1223021582733813,1556486662.0,137,0.98,1556133816.0,self.wallstreetbets,0,Shauncore,2019-04-24 13:23:36,2019-04-28 15:24:22
MSFT,195,0.078125,1580935886.0,256,0.8,1580907001.0,self.wallstreetbets,0,long_AMZN,2020-02-05 05:50:01,2020-02-05 13:51:26
MSFT,238,0.05747126436781609,1580961888.0,804,0.97,1580896563.0,self.wallstreetbets,0,SuXs,2020-02-05 02:56:03,2020-02-05 21:04:48
MSFT,160,0.09090909090909091,1581016987.0,226,0.92,1580959055.0,self.wallstreetbets,0,Lamushi,2020-02-05 20:17:35,2020-02-06 12:23:07
MSFT,109,-0.041666666666666664,1581092820.0,515,0.97,1581028951.0,self.wallstreetbets,0,uraniumboy12,2020-02-06 15:42:31,2020-02-07 09:27:00
MSFT,264,0.22580645161290322,1581102649.0,1199,0.97,1577530113.0,self.stocks,0,the13thrabbit,2019-12-28 03:48:33,2020-02-07 12:10:49
AAPL,264,0.22580645161290322,1581102649.0,1203,0.97,1577530113.0,self.stocks,0,the13thrabbit,2019-12-28 03:48:33,2020-02-07 12:10:49
MSFT,309,0.11764705882352941,1581431401.0,101,0.98,1580328179.0,self.wallstreetbets,0,hujinta0,2020-01-29 13:02:59,2020-02-11 07:30:01
MSFT,176,0.23076923076923078,1581526769.0,699,0.96,1581468303.0,self.wallstreetbets,0,MaxAds1,2020-02-11 17:45:03,2020-02-12 09:59:29
MSFT,340,0.18604651162790697,1581625174.0,421,0.98,1581552461.0,self.wallstreetbets,1,curiousprovisions,2020-02-12 17:07:41,2020-02-13 13:19:34
MSFT,118,0.047619047619047616,1581654489.0,368,0.95,1581623043.0,self.wallstreetbets,0,ohbabyspence,2020-02-13 12:44:03,2020-02-13 21:28:09
AMD,412,0.3068181818181818,1582061417.0,1290,0.98,1581444471.0,self.wallstreetbets,1,thesmd1,2020-02-11 11:07:51,2020-02-18 14:30:17
AMD,282,0.038461538461538464,1582153719.0,661,0.94,1582062782.0,self.wallstreetbets,0,slkerlin,2020-02-18 14:53:02,2020-02-19 16:08:39
MSFT,272,0.22727272727272727,1582698495.0,1143,0.96,1582639358.0,self.wallstreetbets,1,beloose,2020-02-25 07:02:38,2020-02-25 23:28:15
MSFT,366,0.014814814814814815,1582787562.0,3076,0.98,1582712293.0,self.wallstreetbets,0,unikend,2020-02-26 03:18:13,2020-02-27 00:12:42
MSFT,259,0.12987012987012986,1584316104.0,440,0.89,1583605669.0,self.wallstreetbets,0,baggiecurls,2020-03-07 11:27:49,2020-03-15 17:48:24
MSFT,213,0.17857142857142858,1588211691.0,185,0.97,1588188616.0,self.wallstreetbets,0,swaggymedia,2020-04-29 13:30:16,2020-04-29 19:54:51
MSFT,145,-0.043478260869565216,1588267594.0,243,0.94,1588192007.0,self.investing,1,Foufou190,2020-04-29 14:26:47,2020-04-30 11:26:34
AMC,398,0.10526315789473684,1588354890.0,2076,0.98,1588125132.0,self.stocks,0,ledgendary,2020-04-28 19:52:12,2020-05-01 11:41:30
AAPL,227,0.1111111111111111,1595637818.0,800,0.92,1592852770.0,self.stocks,0,ZloiAris,2020-06-22 13:06:10,2020-07-24 18:43:38
MSFT,267,0.25925925925925924,1595764918.0,49,0.65,1595072876.0,self.stocks,0,saibaba90,2020-07-18 05:47:56,2020-07-26 06:01:58
MSFT,161,0.1917808219178082,1596003597.0,200,0.91,1594267223.0,self.wallstreetbets,0,the_corporate_slave,2020-07-08 22:00:23,2020-07-29 00:19:57
AMD,379,0.21839080459770116,1596128910.0,1398,0.97,1595969377.0,self.stocks,1,YouBetterChill,2020-07-28 14:49:37,2020-07-30 11:08:30
MSFT,330,0.07575757575757576,1596575161.0,519,0.96,1596411811.0,self.wallstreetbets,0,ss_400401,2020-08-02 17:43:31,2020-08-04 15:06:01
MSFT,215,0.17777777777777778,1596798034.0,427,0.93,1596728560.0,self.stocks,0,HSG_Messi,2020-08-06 09:42:40,2020-08-07 05:00:34
MSFT,232,-0.18181818181818182,1597080999.0,495,0.94,1596995811.0,self.wallstreetbets,0,MonsieurSloth,2020-08-09 11:56:51,2020-08-10 11:36:39
MSFT,208,0.24615384615384617,1597418714.0,149,0.96,1595349831.0,self.wallstreetbets,0,Not_An_NSA_Employee,2020-07-21 10:43:51,2020-08-14 09:25:14
AAPL,239,-0.1509433962264151,1597418751.0,248,0.9,1597351196.0,self.stocks,0,Gothlander,2020-08-13 14:39:56,2020-08-14 09:25:51
AMD,283,0.29577464788732394,1597451481.0,876,0.77,1597361508.0,self.stocks,0,learner4f,2020-08-13 17:31:48,2020-08-14 18:31:21
AAPL,375,0.4649122807017544,1598453628.0,1652,0.95,1596815890.0,self.stocks,0,gblack00,2020-08-07 09:58:10,2020-08-26 08:53:48
AAPL,360,0.08256880733944955,1598904428.0,1751,0.97,1598833427.0,self.wallstreetbets,0,DimitrisMeli,2020-08-30 18:23:47,2020-08-31 14:07:08
MSFT,174,0.140625,1598940943.0,281,0.94,1598538372.0,self.wallstreetbets,0,barelypos,2020-08-27 08:26:12,2020-09-01 00:15:43
MSFT,248,0.06542056074766354,1599076168.0,260,0.98,1598559305.0,self.wallstreetbets,0,Swinghodler,2020-08-27 14:15:05,2020-09-02 13:49:28
AAPL,168,-0.033707865168539325,1599202618.0,891,0.91,1599140415.0,self.wallstreetbets,0,Kabrosif,2020-09-03 07:40:15,2020-09-04 00:56:58
AMD,385,0.25,1599629394.0,1405,0.98,1595542789.0,self.investing,1,whatyoulookinatbud,2020-07-23 16:19:49,2020-09-08 23:29:54
AAPL,300,0.23357664233576642,1601683051.0,242,0.94,1598757487.0,self.wallstreetbets,0,Tkuenzler,2020-08-29 21:18:07,2020-10-02 17:57:31
AMD,163,0.14666666666666667,1602288764.0,1249,0.98,1596650359.0,self.wallstreetbets,1,nacliamsi,2020-08-05 11:59:19,2020-10-09 18:12:44
TSLA,382,0.06382978723404255,1602620820.0,8888,0.96,1597779657.0,reddit.com,0,1poundbookingfee,2020-08-18 13:40:57,2020-10-13 14:27:00
AAPL,151,0.3953488372093023,1603786352.0,401,0.93,1603570014.0,self.stocks,0,zipiddydooda,2020-10-24 14:06:54,2020-10-27 02:12:32
AMD,257,0.08450704225352113,1603819767.0,602,0.97,1602166138.0,self.wallstreetbets,0,HowieBling,2020-10-08 08:08:58,2020-10-27 11:29:27
AMD,186,0.18181818181818182,1603863365.0,921,0.97,1603795526.0,self.investing,0,onkel_axel,2020-10-27 04:45:26,2020-10-27 23:36:05
AMD,135,0.2413793103448276,1603895505.0,980,0.98,1603796552.0,self.stocks,1,FCOS96,2020-10-27 05:02:32,2020-10-28 08:31:45
MSFT,225,-0.017857142857142856,1603947668.0,1517,0.96,1603830656.0,self.stocks,1,Lakers5824,2020-10-27 14:30:56,2020-10-28 23:01:08
MSFT,282,0.3684210526315789,1603955192.0,188,0.93,1597946057.0,self.investing,0,KindheartednessNo884,2020-08-20 11:54:17,2020-10-29 01:06:32
AAPL,282,0.3684210526315789,1603955192.0,184,0.93,1597946057.0,self.investing,0,KindheartednessNo884,2020-08-20 11:54:17,2020-10-29 01:06:32
AAPL,227,-0.047619047619047616,1604092482.0,758,0.96,1604005318.0,self.stocks,0,cheechuu,2020-10-29 15:01:58,2020-10-30 15:14:42
MSFT,359,0.28846153846153844,1604217903.0,963,0.91,1600788215.0,self.investing,0,MrMineHeads,2020-09-22 09:23:35,2020-11-01 01:05:03
AAPL,359,0.28846153846153844,1604217903.0,966,0.91,1600788215.0,self.investing,0,MrMineHeads,2020-09-22 09:23:35,2020-11-01 01:05:03
MSFT,243,0.10833333333333334,1604967842.0,171,0.8,1604801203.0,self.investing,0,elfreedpayton,2020-11-07 19:06:43,2020-11-09 17:24:02
PLTR,315,0.35,1605809354.0,1455,0.96,1605737270.0,self.stocks,1,ptgamr,2020-11-18 15:07:50,2020-11-19 11:09:14
PLTR,384,0.2,1606316545.0,894,0.91,1605906316.0,self.wallstreetbets,0,Sseik4,2020-11-20 14:05:16,2020-11-25 08:02:25
PLTR,209,0.13725490196078433,1606377306.0,1231,0.98,1606314220.0,self.wallstreetbets,0,blahyaddayadda24,2020-11-25 07:23:40,2020-11-26 00:55:06
PLTR,185,0.19718309859154928,1606422482.0,3486,0.99,1606328625.0,self.wallstreetbets,0,ts23_,2020-11-25 11:23:45,2020-11-26 13:28:02
PLTR,475,0.4523809523809524,1606425370.0,1417,0.96,1606360703.0,self.investing,1,potatoandbiscuit,2020-11-25 20:18:23,2020-11-26 14:16:10
PLTR,315,-0.017241379310344827,1606448410.0,2660,0.96,1606344135.0,reddit.com,0,MangoManYummy,2020-11-25 15:42:15,2020-11-26 20:40:10
PLTR,498,0.06666666666666667,1606505223.0,1481,0.96,1606395726.0,self.investing,0,potatoandbiscuit,2020-11-26 06:02:06,2020-11-27 12:27:03
PLTR,206,0.11494252873563218,1606594632.0,2445,0.97,1606513850.0,self.wallstreetbets,0,Finance_69,2020-11-27 14:50:50,2020-11-28 13:17:12
PLTR,111,0.14583333333333334,1606615376.0,1651,0.98,1606442662.0,self.wallstreetbets,0,Uncle_Istvan420,2020-11-26 19:04:22,2020-11-28 19:02:56
PLTR,354,0.08849557522123894,1606809529.0,1223,0.97,1606752327.0,reddit.com,0,Smooth_Ad_6324,2020-11-30 09:05:27,2020-12-01 00:58:49
PLTR,351,0.10218978102189781,1606989829.0,846,0.93,1606920979.0,self.wallstreetbets,0,tomy_11,2020-12-02 07:56:19,2020-12-03 03:03:49
PLTR,350,0.06349206349206349,1607138516.0,1241,0.95,1606333951.0,self.wallstreetbets,0,Bogashi,2020-11-25 12:52:31,2020-12-04 20:21:56
AMD,212,-0.15517241379310345,1607284220.0,1407,0.94,1600142072.0,self.investing,6,learner4f,2020-09-14 21:54:32,2020-12-06 12:50:20
AMD,292,0.35294117647058826,1607350784.0,2473,0.97,1607269954.0,self.stocks,1,jjwalla,2020-12-06 08:52:34,2020-12-07 07:19:44
PLTR,338,0.2846153846153846,1607355362.0,861,0.95,1607086439.0,self.wallstreetbets,5,jjd1226,2020-12-04 05:53:59,2020-12-07 08:36:02
AMD,338,0.2846153846153846,1607355362.0,860,0.95,1607086439.0,self.wallstreetbets,5,jjd1226,2020-12-04 05:53:59,2020-12-07 08:36:02
PLTR,373,0.3225806451612903,1607429746.0,1789,0.96,1607356579.0,self.stocks,0,infinity884422,2020-12-07 08:56:19,2020-12-08 05:15:46
PLTR,188,0.2564102564102564,1607445745.0,1532,0.96,1607361336.0,self.investing,0,potatoandbiscuit,2020-12-07 10:15:36,2020-12-08 09:42:25
PLTR,388,0.1864406779661017,1607540155.0,3447,0.97,1607321794.0,self.wallstreetbets,0,jagyolo,2020-12-06 23:16:34,2020-12-09 11:55:55
AMD,320,0.037037037037037035,1607547829.0,625,0.95,1601739413.0,self.wallstreetbets,0,BoardButcherer,2020-10-03 09:36:53,2020-12-09 14:03:49
PLTR,201,0.06451612903225806,1608209704.0,1049,0.96,1608094664.0,self.wallstreetbets,0,financialtouchtrades,2020-12-15 21:57:44,2020-12-17 05:55:04
PLTR,268,0.23529411764705882,1608321518.0,751,0.96,1608002567.0,self.wallstreetbets,0,jagyolo,2020-12-14 20:22:47,2020-12-18 12:58:38
PLTR,409,0.09502262443438914,1608443185.0,3651,0.96,1606855670.0,self.wallstreetbets,1,abunchofsoandso,2020-12-01 13:47:50,2020-12-19 22:46:25
PLTR,159,0.10810810810810811,1609028483.0,1946,0.98,1608927034.0,self.wallstreetbets,0,WalyWal,2020-12-25 13:10:34,2020-12-26 17:21:23
PLTR,330,0.049019607843137254,1609189741.0,997,0.96,1608530391.0,self.wallstreetbets,0,jagyolo,2020-12-20 22:59:51,2020-12-28 14:09:01
AMD,248,0.11494252873563218,1609381723.0,850,0.95,1595857853.0,self.wallstreetbets,0,The_Dude_In_Torags,2020-07-27 07:50:53,2020-12-30 19:28:43
PLTR,438,0.0915032679738562,1609429601.0,1759,0.97,1607911045.0,self.wallstreetbets,0,jagyolo,2020-12-13 18:57:25,2020-12-31 08:46:41
PLTR,322,0.12903225806451613,1609753437.0,682,0.92,1609183426.0,self.wallstreetbets,0,JoshKosh55,2020-12-28 12:23:46,2021-01-04 02:43:57
MSFT,148,0.5813953488372093,1610116573.0,504,0.97,1608565226.0,self.stocks,1,El__Mencho,2020-12-21 08:40:26,2021-01-08 07:36:13
MSFT,336,0.10144927536231885,1610116890.0,1183,0.98,1600694516.0,self.wallstreetbets,0,negovany,2020-09-21 07:21:56,2021-01-08 07:41:30
PLTR,274,0.11926605504587157,1610277352.0,831,0.97,1607580530.0,self.wallstreetbets,0,jagyolo,2020-12-09 23:08:50,2021-01-10 04:15:52
MSFT,129,0.45454545454545453,1611044238.0,491,0.97,1611002779.0,self.wallstreetbets,0,DoubleUEssBee,2021-01-18 13:46:19,2021-01-19 01:17:18
PLTR,254,0.12987012987012986,1611570861.0,2555,0.97,1607396477.0,self.wallstreetbets,0,profxfarnsworth,2020-12-07 20:01:17,2021-01-25 03:34:21
PLTR,297,0.14705882352941177,1611636778.0,1466,0.97,1609224896.0,self.wallstreetbets,0,jagyolo,2020-12-28 23:54:56,2021-01-25 21:52:58
PLTR,207,0.27350427350427353,1612032002.0,3151,0.95,1611570906.0,self.wallstreetbets,1,sillyhands1,2021-01-25 03:35:06,2021-01-30 11:40:02
PLTR,364,0.019867549668874173,1612032950.0,1613,0.98,1611507208.0,self.wallstreetbets,0,domingolin,2021-01-24 09:53:28,2021-01-30 11:55:50
AAPL,171,0.03571428571428571,1612054357.0,311,0.93,1610492837.0,self.wallstreetbets,0,a1mart,2021-01-12 16:07:17,2021-01-30 17:52:37
AMC,463,0.035211267605633804,1612099150.0,4654,0.98,1611866756.0,self.wallstreetbets,1,Edit_Red,2021-01-28 13:45:56,2021-01-31 06:19:10
PLTR,265,0.2708333333333333,1612165585.0,1006,0.96,1610670868.0,self.stocks,0,newUsername2,2021-01-14 17:34:28,2021-02-01 00:46:25
AMC,303,0.33548387096774196,1612205303.0,3670,0.97,1612117013.0,self.wallstreetbets,0,BrandinoGames,2021-01-31 11:16:53,2021-02-01 11:48:23
AMC,232,-0.5454545454545454,1612315702.0,3766,0.99,1612235151.0,self.wallstreetbets,2,wallstgod,2021-02-01 20:05:51,2021-02-02 18:28:22
MSFT,123,0.3103448275862069,1612493257.0,669,0.98,1611696751.0,self.investing,0,AngryVirginian,2021-01-26 14:32:31,2021-02-04 19:47:37
PLTR,172,0.14545454545454545,1612827762.0,1552,0.98,1611457235.0,reddit.com,0,HonestManufacturer1,2021-01-23 20:00:35,2021-02-08 16:42:42
AMC,332,0.06451612903225806,1612978788.0,3667,0.95,1612793882.0,self.wallstreetbets,5,Zanko95,2021-02-08 07:18:02,2021-02-10 10:39:48
PLTR,391,0.5319148936170213,1613041917.0,3443,0.97,1611279546.0,self.stocks,4,italiansomali,2021-01-21 18:39:06,2021-02-11 04:11:57
AMD,258,0.1518987341772152,1613271715.0,509,0.86,1613075644.0,self.wallstreetbets,0,lardofreddit,2021-02-11 13:34:04,2021-02-13 20:01:55
PLTR,381,0.26804123711340205,1614359704.0,1555,0.91,1613933661.0,self.wallstreetbets,1,farFocalPoint,2021-02-21 11:54:21,2021-02-26 10:15:04
AAPL,251,0.4807692307692308,1614392612.0,152,0.95,1614287842.0,self.stocks,0,novapants,2021-02-25 14:17:22,2021-02-26 19:23:32
PLTR,173,0.13385826771653545,1614654926.0,1684,0.9,1614117776.0,self.wallstreetbets,0,flovidchan,2021-02-23 15:02:56,2021-03-01 20:15:26
PLTR,388,0.0380952380952381,1614697633.0,704,0.86,1610468368.0,self.wallstreetbets,0,TheExecutiveBathroom,2021-01-12 09:19:28,2021-03-02 08:07:13
AMC,449,0.34705882352941175,1614774093.0,1453,0.88,1614524170.0,self.wallstreetbets,7,Catharsistic,2021-02-28 07:56:10,2021-03-03 05:21:33
AMC,450,0.12698412698412698,1614774253.0,1408,0.85,1614109465.0,self.wallstreetbets,3,yeggles,2021-02-23 12:44:25,2021-03-03 05:24:13
PLTR,286,0.3157894736842105,1615503986.0,825,0.84,1615060089.0,self.wallstreetbets,1,farFocalPoint,2021-03-06 12:48:09,2021-03-11 16:06:26
AMC,239,0.02531645569620253,1615563349.0,3689,0.97,1615427717.0,self.wallstreetbets,2,WBSdiamonds,2021-03-10 18:55:17,2021-03-12 08:35:49
AMC,391,0.15966386554621848,1615563725.0,5337,0.96,1615403620.0,self.wallstreetbets,2,SnooApples4563,2021-03-10 12:13:40,2021-03-12 08:42:05
PLTR,423,0.2605633802816901,1615928030.0,1861,0.95,1613168269.0,self.wallstreetbets,3,PutsOnYourWife,2021-02-12 15:17:49,2021-03-16 14:53:50
PLTR,338,0.3780487804878049,1616438864.0,576,0.79,1614923753.0,self.investing,1,jacquesmioff,2021-03-04 22:55:53,2021-03-22 12:47:44
MSFT,124,0.35714285714285715,1616630720.0,656,0.96,1616558439.0,self.stocks,0,aser27,2021-03-23 22:00:39,2021-03-24 18:05:20
AMD,388,0.21739130434782608,1617126128.0,1406,0.91,1612973612.0,self.wallstreetbets,0,punkfiveo,2021-02-10 09:13:32,2021-03-30 11:42:08
AMC,411,0.08653846153846154,1617134843.0,2539,0.94,1616207323.0,self.wallstreetbets,3,Horror_Veterinar,2021-03-19 20:28:43,2021-03-30 14:07:23
PLTR,289,0.3305785123966942,1617599326.0,1124,0.97,1610508763.0,self.wallstreetbets,0,jagyolo,2021-01-12 20:32:43,2021-04-04 23:08:46
AMC,287,0.232,1617799135.0,3620,0.94,1617634767.0,reddit.com,0,BunDogGrillionaire,2021-04-05 08:59:27,2021-04-07 06:38:55
AMC,394,0.25,1617814264.0,1682,0.98,1602597679.0,self.investing,0,dvdmovie1,2020-10-13 08:01:19,2021-04-07 10:51:04
AMD,144,0.0851063829787234,1617825706.0,948,0.93,1617631731.0,self.wallstreetbets,0,darkfiber-,2021-04-05 08:08:51,2021-04-07 14:01:46
PLTR,236,0.2708333333333333,1618182267.0,901,0.88,1617029309.0,self.wallstreetbets,2,prettyboyv,2021-03-29 08:48:29,2021-04-11 17:04:27
TSLA,355,0.2682926829268293,1618331514.0,3039,0.95,1613138991.0,reddit.com,0,bigpapa901,2021-02-12 07:09:51,2021-04-13 10:31:54
MSFT,529,0.5625,1618835001.0,1806,0.95,1616519710.0,self.investing,0,zainjavaid,2021-03-23 11:15:10,2021-04-19 06:23:21
AMC,298,0.24817518248175183,1618887913.0,4458,0.9,1618700363.0,reddit.com,1,FreakyPheobe,2021-04-17 16:59:23,2021-04-19 21:05:13
AMD,291,0.3482142857142857,1619881431.0,890,0.89,1619180974.0,self.wallstreetbets,0,AstronautCurrent408,2021-04-23 06:29:34,2021-05-01 09:03:51
PLTR,293,0.17857142857142858,1619923693.0,1861,0.95,1619818975.0,self.stocks,2,infinity884422,2021-04-30 15:42:55,2021-05-01 20:48:13
AMD,248,0.24,1620243122.0,1261,0.97,1619556202.0,self.stocks,1,gorays21,2021-04-27 14:43:22,2021-05-05 13:32:02
PLTR,411,0.17037037037037037,1620378269.0,2593,0.94,1617035950.0,reddit.com,1,Honorjudge,2021-03-29 10:39:10,2021-05-07 03:04:29
AMC,320,0.24242424242424243,1620440205.0,4234,0.93,1612339045.0,self.wallstreetbets,3,YoloYolo2020,2021-02-03 00:57:25,2021-05-07 20:16:45
PLTR,312,0.07142857142857142,1620885374.0,1193,0.92,1620619596.0,reddit.com,0,Diamond_handzz,2021-05-09 22:06:36,2021-05-12 23:56:14
AMD,309,0.26785714285714285,1621050148.0,865,0.88,1619631553.0,self.wallstreetbets,1,darkfiber-,2021-04-28 11:39:13,2021-05-14 21:42:28
PLTR,299,0.35294117647058826,1621380315.0,1222,0.89,1620743617.0,self.wallstreetbets,0,prettyboyv,2021-05-11 08:33:37,2021-05-18 17:25:15
AMC,475,0.08108108108108109,1621795078.0,5509,0.95,1619473781.0,self.wallstreetbets,0,_Francis_Wilkerson,2021-04-26 15:49:41,2021-05-23 12:37:58
AMD,337,0.4264705882352941,1622671411.0,2770,0.95,1622531449.0,self.stocks,1,gorays21,2021-06-01 01:10:49,2021-06-02 16:03:31
AMC,531,0.375,1622834934.0,7879,0.96,1622655781.0,self.wallstreetbets,3,Soraflair,2021-06-02 11:43:01,2021-06-04 13:28:54
AMC,361,0.1349206349206349,1623732143.0,1493,0.88,1623620684.0,self.wallstreetbets,6,jjd1226,2021-06-13 15:44:44,2021-06-14 22:42:23
AMC,399,0.23275862068965517,1624164874.0,1526,0.89,1623701764.0,self.wallstreetbets,4,Chillznday,2021-06-14 14:16:04,2021-06-19 22:54:34
MSFT,192,0.175,1624457622.0,1504,0.97,1624393058.0,self.stocks,2,maz-o,2021-06-22 14:17:38,2021-06-23 08:13:42
MSFT,438,0.3541666666666667,1624484177.0,3041,0.97,1624393145.0,self.investing,0,maz-o,2021-06-22 14:19:05,2021-06-23 15:36:17
PLTR,334,0.23255813953488372,1624761019.0,3967,0.95,1622202456.0,self.stocks,0,FormalExperience,2021-05-28 05:47:36,2021-06-26 20:30:19
PLTR,236,0.21839080459770116,1625424610.0,815,0.9,1625008536.0,self.wallstreetbets,0,Chillznday,2021-06-29 17:15:36,2021-07-04 12:50:10
AMD,236,0.21839080459770116,1625424610.0,821,0.9,1625008536.0,self.wallstreetbets,0,Chillznday,2021-06-29 17:15:36,2021-07-04 12:50:10
PLTR,287,0.27380952380952384,1625953105.0,983,0.91,1625171019.0,self.wallstreetbets,0,Chillznday,2021-07-01 14:23:39,2021-07-10 15:38:25
AMD,287,0.27380952380952384,1625953105.0,982,0.91,1625171019.0,self.wallstreetbets,0,Chillznday,2021-07-01 14:23:39,2021-07-10 15:38:25
AAPL,418,0.39285714285714285,1626316468.0,242,0.71,1622753477.0,self.investing,0,binhp,2021-06-03 14:51:17,2021-07-14 20:34:28
AMD,284,0.5102040816326531,1626429221.0,818,0.89,1624326891.0,self.wallstreetbets,4,Tay_Tay86,2021-06-21 19:54:51,2021-07-16 03:53:41
AAPL,518,0.0502283105022831,1627576915.0,89,0.71,1627473662.0,self.wallstreetbets,0,VisualMod,2021-07-28 06:01:02,2021-07-29 10:41:55
MSFT,518,0.0502283105022831,1627576915.0,94,0.71,1627473662.0,self.wallstreetbets,0,VisualMod,2021-07-28 06:01:02,2021-07-29 10:41:55
PLTR,482,0.45569620253164556,1627700424.0,3283,0.98,1613154184.0,self.investing,7,rareliquid,2021-02-12 11:23:04,2021-07-30 21:00:24
PLTR,140,0.4827586206896552,1627758705.0,1274,0.89,1624533646.0,self.stocks,0,BlackRockTime,2021-06-24 05:20:46,2021-07-31 13:11:45
AMD,191,0.1935483870967742,1628190683.0,782,0.92,1628028791.0,reddit.com,0,BDboyJ,2021-08-03 16:13:11,2021-08-05 13:11:23
AMD,221,0.391304347826087,1628783716.0,1055,0.95,1628657273.0,reddit.com,0,deeedubb,2021-08-10 22:47:53,2021-08-12 09:55:16
PLTR,335,0.2018348623853211,1628911154.0,1375,0.93,1628766688.0,self.wallstreetbets,0,dhpw2,2021-08-12 05:11:28,2021-08-13 21:19:14
MSFT,239,0.36923076923076925,1629754653.0,91,0.78,1629165023.0,self.stocks,0,apooroldinvestor,2021-08-16 19:50:23,2021-08-23 15:37:33
AAPL,175,0.28125,1630200720.0,304,0.93,1630078029.0,self.wallstreetbets,0,npiterman,2021-08-27 09:27:09,2021-08-28 19:32:00
AMD,198,0.10256410256410256,1630463563.0,1834,0.97,1629931315.0,self.investing,1,r2002,2021-08-25 16:41:55,2021-08-31 20:32:43
PLTR,216,0.19607843137254902,1630967998.0,898,0.82,1630892563.0,self.stocks,0,G1G1G1G1G1G1G,2021-09-05 19:42:43,2021-09-06 16:39:58
AMD,277,0.35,1631375235.0,474,0.95,1630034272.0,self.stocks,0,turdoe,2021-08-26 21:17:52,2021-09-11 09:47:15
AMC,418,0.05194805194805195,1631849802.0,1392,0.92,1629322408.0,reddit.com,0,Substantial-Voice-48,2021-08-18 15:33:28,2021-09-16 21:36:42
MSFT,74,0.14285714285714285,1635175807.0,412,0.95,1635116001.0,self.wallstreetbets,1,buddyboh12,2021-10-24 16:53:21,2021-10-25 09:30:07
AAPL,281,0.5454545454545454,1635188381.0,238,0.78,1635018426.0,self.stocks,0,HopefulIvyAdmit,2021-10-23 13:47:06,2021-10-25 12:59:41
AMD,386,0.24096385542168675,1636395018.0,975,0.86,1611055147.0,self.investing,1,alles_long,2021-01-19 04:19:07,2021-11-08 11:10:18
META,477,0.35555555555555557,1636602930.0,2703,0.95,1636389465.0,self.stocks,0,peon2,2021-11-08 09:37:45,2021-11-10 20:55:30
AMD,477,0.35555555555555557,1636602930.0,2707,0.95,1636389465.0,self.stocks,0,peon2,2021-11-08 09:37:45,2021-11-10 20:55:30
META,310,0.11940298507462686,1636837604.0,898,0.91,1636754657.0,self.stocks,1,coolcomfort123,2021-11-12 15:04:17,2021-11-13 14:06:44
AAPL,388,0.30128205128205127,1637597485.0,385,0.7,1628471182.0,self.investing,0,Plaidshirt17,2021-08-08 19:06:22,2021-11-22 09:11:25
AAPL,365,0.375,1639429513.0,652,0.92,1639318842.0,self.stocks,0,novapants,2021-12-12 07:20:42,2021-12-13 14:05:13
TSLA,441,0.09285714285714286,1640986531.0,2336,0.96,1639776848.0,reddit.com,1,SwanArmy,2021-12-17 14:34:08,2021-12-31 14:35:31
AAPL,219,0.4528301886792453,1641994463.0,211,0.82,1638224128.0,self.stocks,0,PeekingPotato,2021-11-29 15:15:28,2022-01-12 06:34:23
MSFT,259,0.2641509433962264,1643080234.0,660,0.96,1638130942.0,self.stocks,1,mannyosu,2021-11-28 13:22:22,2022-01-24 20:10:34
MSFT,201,-0.041666666666666664,1643247798.0,473,0.92,1643153294.0,self.stocks,0,flying_cofin,2022-01-25 16:28:14,2022-01-26 18:43:18
AMD,155,0.13333333333333333,1643501693.0,1211,0.95,1636818485.0,reddit.com,0,Proof-Eye-5947,2021-11-13 08:48:05,2022-01-29 17:14:53
AMD,271,0.3235294117647059,1643885148.0,1390,0.96,1643750290.0,self.stocks,0,gorays21,2022-02-01 14:18:10,2022-02-03 03:45:48
AMD,329,0.288,1643887528.0,1110,0.95,1643750648.0,self.wallstreetbets,0,gorays21,2022-02-01 14:24:08,2022-02-03 04:25:28
META,417,-0.08695652173913043,1643927978.0,2344,0.98,1643838052.0,self.wallstreetbets,0,cryptodims,2022-02-02 14:40:52,2022-02-03 15:39:38
META,352,-0.03488372093023256,1644380080.0,720,0.92,1643928104.0,self.investing,0,rarelywearamask,2022-02-03 15:41:44,2022-02-08 21:14:40
META,225,0.041237113402061855,1644483442.0,2070,0.89,1644295785.0,self.investing,0,alcate,2022-02-07 21:49:45,2022-02-10 01:57:22
PLTR,404,0.1076923076923077,1644941761.0,1299,0.87,1637717029.0,self.wallstreetbets,0,Viva-La-Pepe,2021-11-23 18:23:49,2022-02-15 09:16:01
META,289,-0.024390243902439025,1645208835.0,970,0.97,1645145748.0,self.stocks,0,rockinoutwith2,2022-02-17 17:55:48,2022-02-18 11:27:15
PLTR,317,0.24528301886792453,1645463681.0,629,0.94,1607448926.0,self.wallstreetbets,0,vegaseller,2020-12-08 10:35:26,2022-02-21 10:14:41
META,202,0.031746031746031744,1645850517.0,635,0.9,1645798348.0,self.wallstreetbets,0,ZiRoRi,2022-02-25 07:12:28,2022-02-25 21:41:57
PLTR,486,0.11009174311926606,1645982681.0,756,0.9,1645628989.0,self.stocks,0,Mu_Fanchu,2022-02-23 08:09:49,2022-02-27 10:24:41
META,350,0.09352517985611511,1646040652.0,781,0.84,1645080333.0,self.wallstreetbets,0,Johnaxee,2022-02-16 23:45:33,2022-02-28 02:30:52
AMD,139,0.08,1646061109.0,2307,0.98,1645935310.0,self.stocks,0,gorays21,2022-02-26 21:15:10,2022-02-28 08:11:49
META,618,0.09722222222222222,1646125948.0,328,0.81,1643838343.0,self.wallstreetbets,0,Negative-Composer700,2022-02-02 14:45:43,2022-03-01 02:12:28
META,438,0.13709677419354838,1648013720.0,4676,0.96,1647870103.0,self.stocks,2,WickedSensitiveCrew,2022-03-21 07:41:43,2022-03-22 23:35:20
AAPL,173,0.3076923076923077,1648236552.0,209,0.84,1648154338.0,self.stocks,0,kriptonicx,2022-03-24 14:38:58,2022-03-25 13:29:12
META,288,0.05263157894736842,1649164146.0,641,0.94,1645634389.0,self.wallstreetbets,0,OB1KENOB,2022-02-23 09:39:49,2022-04-05 07:09:06
MSFT,251,0.34234234234234234,1649739651.0,211,0.86,1642295554.0,self.stocks,0,Retropixl,2022-01-15 18:12:34,2022-04-11 23:00:51
META,336,0.09803921568627451,1650977749.0,1829,0.96,1650808968.0,self.stocks,3,ubunturd,2022-04-24 08:02:48,2022-04-26 06:55:49
META,243,0.08333333333333333,1651233028.0,625,0.91,1651070879.0,self.investing,0,rrdonoo,2022-04-27 08:47:59,2022-04-29 05:50:28
AMD,207,-0.10457516339869281,1651378627.0,1031,0.96,1649030604.0,reddit.com,0,cuki321,2022-04-03 18:03:24,2022-04-30 22:17:07
AMC,452,-0.05673758865248227,1651384153.0,1581,0.77,1646177194.0,self.wallstreetbets,0,Njkoskin,2022-03-01 16:26:34,2022-04-30 23:49:13
MSFT,526,0.12096774193548387,1653255493.0,518,0.92,1651954420.0,self.stocks,0,apooroldinvestor,2022-05-07 14:13:40,2022-05-22 15:38:13
AAPL,526,0.12096774193548387,1653255493.0,508,0.92,1651954420.0,self.stocks,0,apooroldinvestor,2022-05-07 14:13:40,2022-05-22 15:38:13
AAPL,121,0.35714285714285715,1653363787.0,423,0.94,1653272301.0,self.stocks,0,Kianna_hd,2022-05-22 20:18:21,2022-05-23 21:43:07
AMD,258,0.24731182795698925,1653440915.0,1451,0.93,1612774480.0,self.wallstreetbets,1,kamikazejesus,2021-02-08 01:54:40,2022-05-24 19:08:35
META,90,-0.2222222222222222,1653480541.0,1693,0.97,1653404059.0,self.stocks,1,predictany007,2022-05-24 08:54:19,2022-05-25 06:09:01
AMC,392,-0.08163265306122448,1653507355.0,1528,0.87,1647396978.0,self.wallstreetbets,0,TheRealJugger,2022-03-15 20:16:18,2022-05-25 13:35:55
MSFT,330,0.16891891891891891,1654042947.0,98,0.81,1649364491.0,self.stocks,0,Migueli2021,2022-04-07 14:48:11,2022-05-31 18:22:27
AAPL,330,0.16891891891891891,1654042947.0,104,0.81,1649364491.0,self.stocks,0,Migueli2021,2022-04-07 14:48:11,2022-05-31 18:22:27
AAPL,170,0.15384615384615385,1654044796.0,273,0.93,1652727158.0,self.wallstreetbets,0,Street_Country_1266,2022-05-16 12:52:38,2022-05-31 18:53:16
AAPL,246,-0.10256410256410256,1654836614.0,877,0.96,1654740141.0,self.stocks,0,Kianna_hd,2022-06-08 20:02:21,2022-06-09 22:50:14
MSFT,281,0.02142857142857143,1655694966.0,0,0.42,1652718845.0,self.stocks,0,a-wild-yasuo,2022-05-16 10:34:05,2022-06-19 21:16:06
AMC,451,0.05069124423963134,1656645646.0,2000,0.83,1649011187.0,self.wallstreetbets,1,wetdirtkurt,2022-04-03 12:39:47,2022-06-30 21:20:46
AMD,391,0.07692307692307693,1656689889.0,1565,0.98,1610240883.0,reddit.com,0,upvotemeok,2021-01-09 18:08:03,2022-07-01 09:38:09
META,283,-0.2,1656721648.0,987,0.95,1656676432.0,self.investing,1,Raw_Rain,2022-07-01 05:53:52,2022-07-01 18:27:28
META,316,-0.038461538461538464,1657084118.0,1838,0.96,1656866355.0,self.investing,2,Raw_Rain,2022-07-03 10:39:15,2022-07-05 23:08:38
NVDA,326,0.03333333333333333,1660055148.0,928,0.96,1659964107.0,self.stocks,2,rockinoutwith2,2022-08-08 07:08:27,2022-08-09 08:25:48
AAPL,256,0.25806451612903225,1660664163.0,303,0.92,1660581790.0,self.stocks,0,kriptonicx,2022-08-15 10:43:10,2022-08-16 09:36:03
AMC,249,0.12087912087912088,1661026768.0,2556,0.92,1660821997.0,self.wallstreetbets,0,GCurtisJr24,2022-08-18 05:26:37,2022-08-20 14:19:28
AAPL,350,0.35135135135135137,1661147868.0,427,0.95,1615250954.0,self.stocks,0,just_lick_my_ass,2021-03-08 17:49:14,2022-08-21 23:57:48
AMC,435,0.2777777777777778,1661736425.0,2351,0.86,1657215717.0,reddit.com,0,NegotiationLoud2980,2022-07-07 11:41:57,2022-08-28 19:27:05
AAPL,433,0.2780487804878049,1661998843.0,840,0.85,1660765551.0,self.stocks,1,amoottake,2022-08-17 13:45:51,2022-08-31 20:20:43
MSFT,429,0.22289156626506024,1662030578.0,867,0.77,1659891632.0,self.stocks,0,dennis77,2022-08-07 11:00:32,2022-09-01 05:09:38
AMD,429,0.22289156626506024,1662030578.0,868,0.77,1659891632.0,self.stocks,0,dennis77,2022-08-07 11:00:32,2022-09-01 05:09:38
META,162,0.11538461538461539,1662179830.0,638,0.93,1662046794.0,self.stocks,2,Wilingaway,2022-09-01 09:39:54,2022-09-02 22:37:10
META,113,-0.125,1662586332.0,2960,0.98,1662485102.0,self.stocks,1,hollagetdollas,2022-09-06 11:25:02,2022-09-07 15:32:12
AMD,258,0.1076923076923077,1662588431.0,563,0.92,1662372414.0,reddit.com,0,Oltia,2022-09-05 04:06:54,2022-09-07 16:07:11
MSFT,171,0.13793103448275862,1664420302.0,96,0.84,1664325244.0,self.stocks,0,rednaxela39,2022-09-27 18:34:04,2022-09-28 20:58:22
PLTR,396,0.1015625,1664620681.0,552,0.83,1662577641.0,self.stocks,0,SakShotty,2022-09-07 13:07:21,2022-10-01 04:38:01
META,207,0.21052631578947367,1665039328.0,418,0.96,1664477074.0,self.stocks,1,marketGOATS,2022-09-29 12:44:34,2022-10-06 00:55:28
TSLA,512,0.18106995884773663,1665156671.0,1632,0.92,1656667244.0,self.wallstreetbets,0,runaway-vol,2022-07-01 03:20:44,2022-10-07 09:31:11
AMD,209,0.2765957446808511,1665298191.0,594,0.95,1655995679.0,self.stocks,0,Wilingaway,2022-06-23 08:47:59,2022-10-09 00:49:51
META,465,0.050724637681159424,1665751382.0,1152,0.96,1653680129.0,self.stocks,0,uh-oh_spaghetti-oh,2022-05-27 13:35:29,2022-10-14 06:43:02
META,209,0.14084507042253522,1666551596.0,393,0.84,1666452271.0,self.stocks,0,fidiasi,2022-10-22 09:24:31,2022-10-23 12:59:56
AAPL,117,0.15254237288135594,1666554899.0,909,0.94,1602785875.0,self.wallstreetbets,0,anticorrect,2020-10-15 12:17:55,2022-10-23 13:54:59
META,398,0.1981981981981982,1666693279.0,911,0.93,1666456856.0,self.stocks,1,IHadTacosYesterday,2022-10-22 10:40:56,2022-10-25 04:21:19
AAPL,175,0.4117647058823529,1666850321.0,110,0.88,1665224556.0,self.stocks,0,Life-is-beautiful-,2022-10-08 04:22:36,2022-10-26 23:58:41
META,354,0.15151515151515152,1666915467.0,177,0.73,1663416497.0,self.stocks,0,Johnny_Yukon,2022-09-17 06:08:17,2022-10-27 18:04:27
META,262,0.04395604395604396,1666972048.0,573,0.93,1666839706.0,self.stocks,1,Dynasty__93,2022-10-26 21:01:46,2022-10-28 09:47:28
META,164,-0.02,1666980180.0,842,0.96,1666894575.0,self.wallstreetbets,0,ausheat,2022-10-27 12:16:15,2022-10-28 12:03:00
META,317,0.20689655172413793,1667228917.0,583,0.9,1667075022.0,self.stocks,0,onee_winged_angel,2022-10-29 14:23:42,2022-10-31 09:08:37
META,284,-0.034482758620689655,1667460821.0,268,0.76,1666828786.0,self.stocks,0,Boo_Dough,2022-10-26 17:59:46,2022-11-03 01:33:41
MSFT,295,0.10204081632653061,1667784510.0,322,0.8,1667506225.0,self.stocks,0,apooroldinvestor,2022-11-03 14:10:25,2022-11-06 18:28:30
AAPL,295,0.10204081632653061,1667784510.0,315,0.8,1667506225.0,self.stocks,0,apooroldinvestor,2022-11-03 14:10:25,2022-11-06 18:28:30
META,265,0.04285714285714286,1667881225.0,725,0.97,1667772372.0,self.wallstreetbets,0,KCMO2025,2022-11-06 15:06:12,2022-11-07 21:20:25
META,391,-0.19148936170212766,1668454628.0,907,0.91,1668359886.0,self.stocks,0,us1549,2022-11-13 10:18:06,2022-11-14 12:37:08
META,590,0.15492957746478872,1668806346.0,1323,0.97,1666883025.0,self.investing,1,nafizzaki,2022-10-27 09:03:45,2022-11-18 14:19:06
META,584,-0.023255813953488372,1670031508.0,861,0.89,1667487784.0,self.wallstreetbets,0,BlazingJava,2022-11-03 09:03:04,2022-12-02 18:38:28
TSLA,486,0.140625,1670791732.0,1300,0.93,1669570652.0,self.investing,1,kjmass1,2022-11-27 10:37:32,2022-12-11 13:48:52
AMC,437,0.0761904761904762,1671110099.0,1451,0.91,1654708836.0,self.wallstreetbets,1,gargeug,2022-06-08 11:20:36,2022-12-15 06:14:59
AAPL,186,0.2535211267605634,1671148755.0,266,0.92,1661748652.0,self.wallstreetbets,0,theycallmeryan,2022-08-28 22:50:52,2022-12-15 16:59:15
TSLA,381,0.24390243902439024,1671891008.0,1972,0.83,1671850615.0,self.stocks,1,StrokesAndSpokes,2022-12-23 19:56:55,2022-12-24 07:10:08
AAPL,399,0.08108108108108109,1671906322.0,867,0.88,1671738101.0,self.stocks,0,paq12x,2022-12-22 12:41:41,2022-12-24 11:25:22
AAPL,150,0.09090909090909091,1672118426.0,103,0.67,1671818719.0,self.wallstreetbets,0,Degenereth,2022-12-23 11:05:19,2022-12-26 22:20:26
META,154,0.2,1672882543.0,437,0.87,1672750541.0,self.stocks,0,msaleem,2023-01-03 05:55:41,2023-01-04 18:35:43
MSFT,433,0.03355704697986577,1674707965.0,539,0.77,1674607315.0,self.wallstreetbets,0,eichenes,2023-01-24 17:41:55,2023-01-25 21:39:25
MSFT,88,0.13636363636363635,1674745252.0,206,0.92,1674680897.0,reddit.com,0,BeastlyBlue,2023-01-25 14:08:17,2023-01-26 08:00:52
META,161,0.15,1675374409.0,419,0.95,1675296124.0,self.investing,0,AwesomeMathUse,2023-02-01 17:02:04,2023-02-02 14:46:49
META,378,0.1559633027522936,1675434987.0,729,0.93,1675285915.0,self.stocks,0,Puginator,2023-02-01 14:11:55,2023-02-03 07:36:27
META,136,-0.17647058823529413,1676256042.0,533,0.97,1676159386.0,self.stocks,0,k0ug0usei,2023-02-11 16:49:46,2023-02-12 19:40:42
MSFT,208,0.1650485436893204,1676470755.0,1391,0.96,1676329750.0,reddit.com,0,daynightcase,2023-02-13 16:09:10,2023-02-15 07:19:15
MSFT,591,0.21266968325791855,1676925846.0,3664,0.91,1675788939.0,self.wallstreetbets,0,kk7766,2023-02-07 09:55:39,2023-02-20 13:44:06
META,340,0.09558823529411764,1676971132.0,1046,0.93,1676831131.0,self.stocks,0,Naren_the_747_pilot,2023-02-19 11:25:31,2023-02-21 02:18:52
META,316,0.22666666666666666,1677954130.0,1113,0.95,1677524736.0,self.stocks,0,msaleem,2023-02-27 12:05:36,2023-03-04 11:22:10
META,213,-0.11363636363636363,1678554180.0,1116,0.97,1678156923.0,self.stocks,2,rockinoutwith2,2023-03-06 19:42:03,2023-03-11 10:03:00
META,307,0.0392156862745098,1678887480.0,1229,0.97,1678800396.0,self.stocks,0,Puginator,2023-03-14 07:26:36,2023-03-15 07:38:00
AAPL,171,0.5,1680109979.0,665,0.94,1679996610.0,self.investing,1,_DeanRiding,2023-03-28 03:43:30,2023-03-29 11:12:59
PLTR,383,0.17791411042944785,1680502752.0,1189,0.94,1607022914.0,self.wallstreetbets,0,vegaseller,2020-12-03 12:15:14,2023-04-03 00:19:12
META,366,-0.125,1682032492.0,1150,0.98,1681890793.0,self.stocks,2,Naren_the_747_pilot,2023-04-19 01:53:13,2023-04-20 17:14:52
AMC,329,0.08571428571428572,1682207338.0,1744,0.84,1659737799.0,self.wallstreetbets,0,Svi_,2022-08-05 16:16:39,2023-04-22 17:48:58
AAPL,374,0.35,1682564435.0,1090,0.95,1681327076.0,reddit.com,1,snapruinedmylife,2023-04-12 13:17:56,2023-04-26 21:00:35
MSFT,594,0.11016949152542373,1682677788.0,3180,0.95,1682508059.0,self.stocks,2,picsit,2023-04-26 05:20:59,2023-04-28 04:29:48
META,135,-0.1875,1682679924.0,619,0.92,1682558142.0,self.investing,0,cookingboy,2023-04-26 19:15:42,2023-04-28 05:05:24
MSFT,98,0.07142857142857142,1683045256.0,102,0.81,1682976970.0,self.stocks,0,gevham,2023-05-01 15:36:10,2023-05-02 10:34:16
AMD,139,0.16666666666666666,1683321635.0,1022,0.97,1683230927.0,self.stocks,1,Leon3680,2023-05-04 14:08:47,2023-05-05 15:20:35
PLTR,331,0.08943089430894309,1683605180.0,3146,0.97,1606830476.0,self.wallstreetbets,0,BoomerStocksGuy,2020-12-01 06:47:56,2023-05-08 22:06:20
AAPL,287,0.022988505747126436,1683711258.0,5741,0.95,1683632928.0,reddit.com,2,landocharisma,2023-05-09 05:48:48,2023-05-10 03:34:18
AAPL,147,0.1388888888888889,1683822901.0,259,0.92,1683496027.0,self.stocks,0,KCGuy59,2023-05-07 15:47:07,2023-05-11 10:35:01
MSFT,259,0.1111111111111111,1683870059.0,553,0.95,1683737347.0,self.stocks,0,LostAbbott,2023-05-10 10:49:07,2023-05-11 23:40:59
AAPL,111,0.1891891891891892,1683874366.0,527,0.92,1683480001.0,self.wallstreetbets,2,Foufou190,2023-05-07 11:20:01,2023-05-12 00:52:46
META,344,0.13186813186813187,1683911373.0,386,0.87,1667751807.0,self.stocks,0,k_ristovski,2022-11-06 09:23:27,2023-05-12 11:09:33
META,239,0.11627906976744186,1684905212.0,1761,0.97,1684753494.0,self.stocks,0,Zhukov-74,2023-05-22 05:04:54,2023-05-23 23:13:32
NVDA,283,0.14772727272727273,1685160216.0,1860,0.95,1685022051.0,reddit.com,0,Fausterion18,2023-05-25 07:40:51,2023-05-26 22:03:36
META,305,-0.06666666666666667,1685666357.0,713,0.91,1684526076.0,self.stocks,0,msaleem,2023-05-19 13:54:36,2023-06-01 18:39:17
NVDA,389,0.15555555555555556,1685678087.0,786,0.95,1685310052.0,reddit.com,3,Drakeem721,2023-05-28 15:40:52,2023-06-01 21:54:47
AAPL,376,0.20754716981132076,1686191695.0,666,0.95,1685966398.0,self.stocks,6,Illustrious-Option-9,2023-06-05 05:59:58,2023-06-07 20:34:55
MSFT,435,0.20689655172413793,1687330282.0,3052,0.96,1682516215.0,reddit.com,0,1bad68,2023-04-26 07:36:55,2023-06-21 00:51:22
AAPL,302,0.18018018018018017,1687465848.0,157,0.83,1687051023.0,self.wallstreetbets,0,FreeResolution3013,2023-06-17 19:17:03,2023-06-22 14:30:48
AAPL,199,0.35135135135135137,1687766741.0,532,0.93,1687515871.0,self.stocks,0,No_Cow1,2023-06-23 04:24:31,2023-06-26 02:05:41
AAPL,309,0.514018691588785,1688314262.0,493,0.91,1635699740.0,self.stocks,0,8-tentacles,2021-10-31 11:02:20,2023-07-02 10:11:02
AAPL,315,0.1411764705882353,1688498566.0,277,0.82,1685996832.0,self.stocks,3,provoko,2023-06-05 14:27:12,2023-07-04 13:22:46
AAPL,364,0.15168539325842698,1688655691.0,357,0.72,1688222971.0,self.wallstreetbets,0,bears2broke,2023-07-01 08:49:31,2023-07-06 09:01:31
MSFT,326,0.15151515151515152,1688713155.0,764,0.93,1683737457.0,self.investing,1,LostAbbott,2023-05-10 10:50:57,2023-07-07 00:59:15
NVDA,238,0.031578947368421054,1688750322.0,1057,0.9,1685015462.0,self.wallstreetbets,0,BosSF82,2023-05-25 05:51:02,2023-07-07 11:18:42
MSFT,115,-0.04878048780487805,1688936349.0,61,0.73,1688437252.0,self.wallstreetbets,0,bears2broke,2023-07-03 20:20:52,2023-07-09 14:59:09
META,235,0.15476190476190477,1688939781.0,250,0.82,1688837192.0,self.stocks,0,k_ristovski,2023-07-08 11:26:32,2023-07-09 15:56:21
META,402,0.021505376344086023,1689300300.0,862,0.9,1688604699.0,self.stocks,0,ABrightPlace,2023-07-05 18:51:39,2023-07-13 20:05:00
MSFT,120,0.10714285714285714,1689772439.0,315,0.88,1689699698.0,self.wallstreetbets,0,Spenraw,2023-07-18 11:01:38,2023-07-19 07:13:59
META,180,0.16666666666666666,1690442230.0,798,0.97,1690391584.0,self.stocks,0,WickedSensitiveCrew,2023-07-26 11:13:04,2023-07-27 01:17:10
AAPL,335,0.24806201550387597,1691767135.0,215,0.72,1691416026.0,self.stocks,0,maximalsimplicity,2023-08-07 07:47:06,2023-08-11 09:18:55
META,175,0.14814814814814814,1692776962.0,778,0.95,1690397985.0,self.investing,1,ThinkBigger01,2023-07-26 12:59:45,2023-08-23 01:49:22
AMC,597,0.08641975308641975,1693327203.0,1357,0.84,1689972036.0,self.wallstreetbets,1,G00gle26,2023-07-21 14:40:36,2023-08-29 10:40:03
AMC,396,0.2,1693424285.0,634,0.81,1692828385.0,reddit.com,0,120cmMenace,2023-08-23 16:06:25,2023-08-30 13:38:05
META,516,0.0663265306122449,1694355225.0,336,0.74,1694009347.0,self.wallstreetbets,0,BlazingJava,2023-09-06 08:09:07,2023-09-10 08:13:45
AAPL,398,-0.031746031746031744,1694357943.0,768,0.94,1694092544.0,self.stocks,0,msaleem,2023-09-07 07:15:44,2023-09-10 08:59:03
AMC,451,0.05725190839694656,1694893547.0,898,0.89,1693874533.0,reddit.com,0,TowerOfSatan,2023-09-04 18:42:13,2023-09-16 13:45:47
AAPL,258,0.13131313131313133,1695224872.0,265,0.74,1694660028.0,self.wallstreetbets,0,Suspicious_Demand_26,2023-09-13 20:53:48,2023-09-20 09:47:52
AMD,134,0.3111111111111111,1695227849.0,307,0.9,1693142909.0,self.investing,0,Sweet-Block5118,2023-08-27 07:28:29,2023-09-20 10:37:29
META,208,0.18,1696445881.0,319,0.9,1696272159.0,self.stocks,0,moxyte,2023-10-02 12:42:39,2023-10-04 12:58:01
META,178,0.14285714285714285,1696559430.0,415,0.87,1696437960.0,self.wallstreetbets,0,GeeksGuideNet,2023-10-04 10:46:00,2023-10-05 20:30:30
AMD,504,0.2818181818181818,1696855311.0,717,0.94,1659442136.0,self.stocks,6,Billboard_1183,2022-08-02 06:08:56,2023-10-09 06:41:51
AMC,339,0.07086614173228346,1697454002.0,1415,0.86,1697201644.0,self.wallstreetbets,1,unwanted_hair,2023-10-13 06:54:04,2023-10-16 05:00:02
MSFT,132,0.6521739130434783,1698272053.0,552,0.95,1698179562.0,self.stocks,0,LostAbbott,2023-10-24 14:32:42,2023-10-25 16:14:13
META,128,0.058823529411764705,1698318844.0,611,0.95,1698162458.0,self.stocks,1,absoluteunitVolcker,2023-10-24 09:47:38,2023-10-26 05:14:04
AMC,433,0.09448818897637795,1700250437.0,918,0.83,1699542242.0,self.wallstreetbets,0,B3stAuD1t0rofA11tiME,2023-11-09 08:04:02,2023-11-17 12:47:17
MSFT,365,0.23255813953488372,1700343472.0,2837,0.94,1700073548.0,reddit.com,0,_dark_passenger_,2023-11-15 11:39:08,2023-11-18 14:37:52
NVDA,442,0.0958904109589041,1700855105.0,544,0.94,1700602587.0,self.wallstreetbets,1,charade_philosopher,2023-11-21 14:36:27,2023-11-24 12:45:05
MSFT,121,0.5925925925925926,1701047663.0,198,0.86,1700703893.0,self.investing,1,pichiquito,2023-11-22 18:44:53,2023-11-26 18:14:23
AMD,83,0.3181818181818182,1702026759.0,543,0.97,1701971203.0,self.stocks,0,Leon3680,2023-12-07 10:46:43,2023-12-08 02:12:39
TSLA,381,0.03773584905660377,1702416740.0,1517,0.95,1701985254.0,reddit.com,1,dkrasniy,2023-12-07 14:40:54,2023-12-12 14:32:20
AAPL,172,0.14285714285714285,1702616999.0,87,0.68,1691299120.0,self.wallstreetbets,0,Goldonthehorizon,2023-08-05 23:18:40,2023-12-14 22:09:59
META,158,0.38095238095238093,1705846381.0,646,0.95,1705625705.0,self.stocks,0,_hiddenscout,2024-01-18 17:55:05,2024-01-21 07:13:01
MSFT,110,-0.031746031746031744,1705938264.0,100,0.81,1705763815.0,self.wallstreetbets,0,PM_ME_UR_GOOD_VIBE,2024-01-20 08:16:55,2024-01-22 08:44:24
META,136,0.07692307692307693,1706012387.0,409,0.83,1705894178.0,self.investing,1,dukerustfield,2024-01-21 20:29:38,2024-01-23 05:19:47
NVDA,158,0.23880597014925373,1706383764.0,1298,0.91,1706235042.0,self.wallstreetbets,0,rayrayrex,2024-01-25 19:10:42,2024-01-27 12:29:24
AMD,176,0.2916666666666667,1706555694.0,241,0.87,1706464988.0,self.wallstreetbets,0,Accurate-Rooster-959,2024-01-28 11:03:08,2024-01-29 12:14:54
AMD,129,-0.04,1706713967.0,389,0.95,1706651147.0,self.stocks,0,Puginator,2024-01-30 14:45:47,2024-01-31 08:12:47
MSFT,149,0.0625,1706744399.0,303,0.94,1706552129.0,self.wallstreetbets,0,Living-Giraffe4849,2024-01-29 11:15:29,2024-01-31 16:39:59
META,192,0.16216216216216217,1706802818.0,2014,0.97,1702996841.0,self.wallstreetbets,0,Longwashere,2023-12-19 07:40:41,2024-02-01 08:53:38
META,109,0.16666666666666666,1706802869.0,432,0.95,1703013893.0,reddit.com,0,BullOnCocaine,2023-12-19 12:24:53,2024-02-01 08:54:29
META,199,0.18421052631578946,1706833116.0,482,0.93,1698269109.0,self.stocks,0,XuloMalacatones,2023-10-25 15:25:09,2024-02-01 17:18:36
NVDA,165,0.13095238095238096,1707521312.0,828,0.93,1707408548.0,self.wallstreetbets,0,danf78,2024-02-08 09:09:08,2024-02-09 16:28:32
NVDA,335,0.21761658031088082,1707587104.0,1103,0.96,1700671914.0,reddit.com,2,Adventurous_Cost_591,2023-11-22 09:51:54,2024-02-10 10:45:04
NVDA,261,0.08256880733944955,1707888563.0,867,0.9,1707781861.0,self.wallstreetbets,0,plutrons,2024-02-12 16:51:01,2024-02-13 22:29:23
META,420,0.018691588785046728,1708359443.0,705,0.93,1706821728.0,self.stocks,2,Puginator,2024-02-01 14:08:48,2024-02-19 09:17:23
AMD,395,0.5135135135135135,1708411375.0,454,0.93,1636595852.0,self.stocks,0,r2002,2021-11-10 18:57:32,2024-02-19 23:42:55
NVDA,560,0.1095890410958904,1708739215.0,1105,0.84,1707437327.0,self.wallstreetbets,0,rayrayrex,2024-02-08 17:08:47,2024-02-23 18:46:55
NVDA,519,-0.0735930735930736,1709252773.0,525,0.86,1708621944.0,reddit.com,1,diablodanison,2024-02-22 10:12:24,2024-02-29 17:26:13
NVDA,448,0.09917355371900827,1709337740.0,1223,0.9,1677171967.0,self.stocks,0,SirGasleak,2023-02-23 10:06:07,2024-03-01 17:02:20
NVDA,463,0.08733624454148471,1709518152.0,3678,0.83,1709153865.0,reddit.com,1,__D__a__n__i__e__l__,2024-02-28 13:57:45,2024-03-03 19:09:12
AMD,127,0.4166666666666667,1709643902.0,252,0.87,1707602925.0,self.stocks,0,Fountainheadusa,2024-02-10 15:08:45,2024-03-05 06:05:02
MSFT,68,0.21052631578947367,1709750069.0,21,0.6,1709680838.0,self.stocks,0,Thementalistt,2024-03-05 16:20:38,2024-03-06 11:34:29
NVDA,514,0.011560693641618497,1710072688.0,1136,0.84,1708443085.0,self.wallstreetbets,1,chewbaccashotlast,2024-02-20 08:31:25,2024-03-10 06:11:28
NVDA,405,0.1888111888111888,1710220950.0,797,0.95,1710090671.0,self.wallstreetbets,0,EldenHermit,2024-03-10 11:11:11,2024-03-11 23:22:30
NVDA,301,0.20987654320987653,1710255249.0,568,0.88,1709992108.0,self.wallstreetbets,1,ThomasTanksDown,2024-03-09 06:48:28,2024-03-12 08:54:09
META,267,-0.027777777777777776,1710431788.0,347,0.91,1710347520.0,self.stocks,0,xoopcat,2024-03-13 10:32:00,2024-03-14 09:56:28
AMD,164,0.34615384615384615,1710873411.0,168,0.88,1710691111.0,self.stocks,1,GazBB,2024-03-17 09:58:31,2024-03-19 12:36:51
MSFT,321,0.2971014492753623,1711142016.0,2334,0.98,1710336082.0,reddit.com,0,Most_Valuable_Nephew,2024-03-13 07:21:22,2024-03-22 15:13:36
NVDA,464,0.11170212765957446,1711239079.0,2862,0.95,1710802372.0,self.wallstreetbets,1,amerikayo,2024-03-18 16:52:52,2024-03-23 18:11:19
MSFT,464,0.11170212765957446,1711239079.0,2868,0.95,1710802372.0,self.wallstreetbets,1,amerikayo,2024-03-18 16:52:52,2024-03-23 18:11:19
MSFT,259,0.13978494623655913,1711293263.0,149,0.8,1699396225.0,self.stocks,0,designatedtruth,2023-11-07 15:30:25,2024-03-24 09:14:23
AAPL,259,0.13978494623655913,1711293263.0,150,0.8,1699396225.0,self.stocks,0,designatedtruth,2023-11-07 15:30:25,2024-03-24 09:14:23
AAPL,211,0.06896551724137931,1711434529.0,602,0.95,1711020748.0,self.stocks,0,Luka77GOATic,2024-03-21 05:32:28,2024-03-26 00:28:49
META,151,0.043478260869565216,1711441846.0,445,0.95,1711362402.0,self.stocks,0,Puginator,2024-03-25 04:26:42,2024-03-26 02:30:46
NVDA,104,0.04,1711464526.0,1704,0.96,1711386527.0,self.wallstreetbets,0,YoungReese,2024-03-25 11:08:47,2024-03-26 08:48:46
MSFT,104,0.04,1711464526.0,1703,0.96,1711386527.0,self.wallstreetbets,0,YoungReese,2024-03-25 11:08:47,2024-03-26 08:48:46
NVDA,433,0.09274193548387097,1711540100.0,905,0.92,1711224486.0,reddit.com,0,Loose_Concentrate_78,2024-03-23 14:08:06,2024-03-27 05:48:20
NVDA,453,0.08783783783783784,1711564625.0,1804,0.95,1711168256.0,self.wallstreetbets,2,YoungReese,2024-03-22 22:30:56,2024-03-27 12:37:05
AAPL,225,0.18518518518518517,1711828831.0,393,0.85,1711194827.0,self.wallstreetbets,0,GarthbrooksXV,2024-03-23 05:53:47,2024-03-30 14:00:31
MSFT,211,0.19642857142857142,1711900692.0,1025,0.96,1711742584.0,self.stocks,0,YoungReese,2024-03-29 14:03:04,2024-03-31 09:58:12
META,166,0.3333333333333333,1711906317.0,868,0.95,1672095453.0,self.stocks,1,WickedSensitiveCrew,2022-12-26 15:57:33,2024-03-31 11:31:57
NVDA,163,0.18055555555555555,1712009818.0,1012,0.96,1711932635.0,reddit.com,0,Ok-Quail4189,2024-03-31 18:50:35,2024-04-01 16:16:58
MSFT,92,0.15384615384615385,1712148054.0,242,0.92,1711741482.0,self.wallstreetbets,1,YoungReese,2024-03-29 13:44:42,2024-04-03 06:40:54
META,345,0.10569105691056911,1712428356.0,1019,0.88,1644260263.0,self.stocks,0,Neither-Freedom-7440,2022-02-07 11:57:43,2024-04-06 12:32:36
MSFT,93,0.2857142857142857,1712879773.0,108,0.77,1712632661.0,self.stocks,0,div_investor_forever,2024-04-08 21:17:41,2024-04-11 17:56:13
AMD,234,0.024390243902439025,1713165175.0,659,0.95,1712917498.0,self.stocks,0,TheYoungLung,2024-04-12 04:24:58,2024-04-15 01:12:55
AAPL,545,0.16374269005847952,1713834239.0,275,0.78,1703690342.0,self.stocks,0,rpatel09,2023-12-27 08:19:02,2024-04-22 19:03:59
META,239,-0.07042253521126761,1714076960.0,753,0.95,1713989403.0,self.wallstreetbets,0,PhaseP38,2024-04-24 14:10:03,2024-04-25 14:29:20
META,282,-0.04918032786885246,1714085508.0,521,0.96,1713989458.0,self.stocks,0,Puginator,2024-04-24 14:10:58,2024-04-25 16:51:48
AMD,258,0.20930232558139536,1714141811.0,512,0.87,1709415446.0,self.wallstreetbets,0,Xmatic81,2024-03-02 14:37:26,2024-04-26 08:30:11
AMD,199,0.1320754716981132,1714142287.0,227,0.74,1706725138.0,self.stocks,0,eliteHaxxxor,2024-01-31 11:18:58,2024-04-26 08:38:07
META,266,0.3333333333333333,1714312487.0,925,0.96,1714015131.0,self.stocks,1,Puginator,2024-04-24 21:18:51,2024-04-28 07:54:47
MSFT,63,0.19047619047619047,1714350751.0,152,0.93,1714077261.0,self.wallstreetbets,0,vORP,2024-04-25 14:34:21,2024-04-28 18:32:31
META,325,0.2,1714400904.0,164,0.79,1713972521.0,self.wallstreetbets,0,chewbaccashotlast,2024-04-24 09:28:41,2024-04-29 08:28:24
NVDA,407,0.06521739130434782,1714959209.0,2040,0.91,1714605682.0,self.wallstreetbets,0,rayrayrex,2024-05-01 17:21:22,2024-05-05 19:33:29
AAPL,66,0.22727272727272727,1715121831.0,153,0.92,1715042287.0,self.wallstreetbets,0,mmoney20,2024-05-06 18:38:07,2024-05-07 16:43:51
MSFT,173,0.3626373626373626,1715326975.0,149,0.88,1649880980.0,self.stocks,0,tinyraccoon,2022-04-13 14:16:20,2024-05-10 01:42:55
NVDA,181,0.13095238095238096,1715646046.0,896,0.94,1696724761.0,reddit.com,0,annonymousperson1620,2023-10-07 18:26:01,2024-05-13 18:20:46
NVDA,294,0.3111111111111111,1715836152.0,407,0.91,1715288440.0,self.wallstreetbets,0,1600hazenstreet,2024-05-09 15:00:40,2024-05-15 23:09:12
NVDA,233,0.125,1716485789.0,616,0.9,1716317043.0,self.wallstreetbets,0,Capable-Jicama2155,2024-05-21 12:44:03,2024-05-23 11:36:29
NVDA,419,0.40229885057471265,1716553216.0,1098,0.95,1716409413.0,self.stocks,0,Playful_Letterhead27,2024-05-22 14:23:33,2024-05-24 06:20:16
META,130,-0.029411764705882353,1716757130.0,1306,0.95,1714325108.0,self.investing,1,DataOverGold,2024-04-28 11:25:08,2024-05-26 14:58:50
NVDA,489,0.4122137404580153,1716989038.0,280,0.74,1708651929.0,self.investing,1,ILostHalfaBTC,2024-02-22 18:32:09,2024-05-29 07:23:58
NVDA,374,0.0967741935483871,1717355995.0,503,0.84,1717120213.0,self.wallstreetbets,0,TamzidulR,2024-05-30 19:50:13,2024-06-02 13:19:55
AMD,126,0.32727272727272727,1717542402.0,174,0.75,1716424419.0,self.investing,0,Fearless-Cellist-245,2024-05-22 18:33:39,2024-06-04 17:06:42
NVDA,375,0.12408759124087591,1717625677.0,802,0.91,1686610559.0,self.wallstreetbets,0,Super-Base-,2023-06-12 16:55:59,2024-06-05 16:14:37
NVDA,165,0.1388888888888889,1717656729.0,623,0.9,1715211444.0,self.wallstreetbets,0,rayrayrex,2024-05-08 17:37:24,2024-06-06 00:52:09
AAPL,79,0.11538461538461539,1718065841.0,192,0.85,1717975081.0,self.stocks,0,DutyTop8086,2024-06-09 17:18:01,2024-06-10 18:30:41
AAPL,154,0.17307692307692307,1718116167.0,262,0.88,1717969139.0,self.stocks,0,srkdummy3,2024-06-09 15:38:59,2024-06-11 08:29:27
AAPL,280,0.2540983606557377,1718117878.0,419,0.81,1711720999.0,self.wallstreetbets,0,False_Secret1108,2024-03-29 08:03:19,2024-06-11 08:57:58
META,280,0.2540983606557377,1718117878.0,420,0.81,1711720999.0,self.wallstreetbets,0,False_Secret1108,2024-03-29 08:03:19,2024-06-11 08:57:58
AMD,108,0.23529411764705882,1718159011.0,374,0.88,1717983998.0,self.stocks,0,DutyTop8086,2024-06-09 19:46:38,2024-06-11 20:23:31
AAPL,204,0.12871287128712872,1718221122.0,200,0.77,1718142122.0,self.wallstreetbets,0,SmoooooothBrain,2024-06-11 15:42:02,2024-06-12 13:38:42
AAPL,187,0.2653061224489796,1718240320.0,786,0.94,1718200871.0,self.wallstreetbets,0,Golden1881881,2024-06-12 08:01:11,2024-06-12 18:58:40
TSLA,309,0.2261904761904762,1718500635.0,841,0.85,1718046058.0,self.wallstreetbets,0,red1990corvette,2024-06-10 13:00:58,2024-06-15 19:17:15
AMD,410,0.02702702702702703,1718643561.0,434,0.77,1710441264.0,self.wallstreetbets,0,nihilistic_ant,2024-03-14 12:34:24,2024-06-17 10:59:21
NVDA,410,0.02702702702702703,1718643561.0,440,0.77,1710441264.0,self.wallstreetbets,0,nihilistic_ant,2024-03-14 12:34:24,2024-06-17 10:59:21
NVDA,159,0.21951219512195122,1718713294.0,1007,0.91,1718628595.0,self.wallstreetbets,0,Nyancad,2024-06-17 06:49:55,2024-06-18 06:21:34
AMD,384,0.07936507936507936,1718781198.0,468,0.86,1716555183.0,self.wallstreetbets,0,iDepressedAhri,2024-05-24 06:53:03,2024-06-19 01:13:18
MSFT,40,0.375,1718828587.0,114,0.88,1718640326.0,self.stocks,0,Hey648934,2024-06-17 10:05:26,2024-06-19 14:23:07
NVDA,280,-0.02830188679245283,1719050345.0,487,0.89,1718387933.0,self.wallstreetbets,0,FixDifficultyBug,2024-06-14 11:58:53,2024-06-22 03:59:05
META,97,0.22727272727272727,1719256203.0,198,0.89,1719144928.0,self.stocks,0,Write_Code_Sport,2024-06-23 06:15:28,2024-06-24 13:10:03
AAPL,323,0.044642857142857144,1720034105.0,545,0.85,1712155267.0,self.wallstreetbets,0,Agreeable_Ice_4774,2024-04-03 08:41:07,2024-07-03 13:15:05
MSFT,219,0.41509433962264153,1720167368.0,172,0.84,1719941759.0,self.investing,0,quarantine000,2024-07-02 11:35:59,2024-07-05 02:16:08
AAPL,321,0.2777777777777778,1720304414.0,287,0.81,1717257988.0,self.wallstreetbets,0,jojodoudt,2024-06-01 10:06:28,2024-07-06 16:20:14
AAPL,93,0.3783783783783784,1720593193.0,0,0.44,1720476629.0,self.wallstreetbets,0,Euro347,2024-07-08 16:10:29,2024-07-10 00:33:13
MSFT,93,0.3783783783783784,1720593193.0,0,0.45,1720476629.0,self.wallstreetbets,0,Euro347,2024-07-08 16:10:29,2024-07-10 00:33:13
NVDA,402,0.23737373737373738,1720600489.0,1435,0.9,1712673677.0,self.wallstreetbets,1,moldyjellybean,2024-04-09 08:41:17,2024-07-10 02:34:49
AAPL,206,0.2978723404255319,1720789058.0,290,0.82,1718045016.0,self.stocks,0,leontes,2024-06-10 12:43:36,2024-07-12 06:57:38
NVDA,170,0.06896551724137931,1721222076.0,851,0.9,1721145490.0,self.wallstreetbets,0,wallstchicken,2024-07-16 09:58:10,2024-07-17 07:14:36
AMD,176,0.09836065573770492,1722417630.0,292,0.89,1722262715.0,self.wallstreetbets,0,Low_Aardvark5465,2024-07-29 08:18:35,2024-07-31 03:20:30
MSFT,364,-0.008130081300813009,1722423383.0,2146,0.96,1722288309.0,self.wallstreetbets,0,xRy951,2024-07-29 15:25:09,2024-07-31 04:56:23
NVDA,352,0.32894736842105265,1722454433.0,336,0.87,1722091555.0,self.stocks,1,SnooOpinions1643,2024-07-27 08:45:55,2024-07-31 13:33:53
MSFT,114,0.13636363636363635,1722455075.0,172,0.89,1722359608.0,self.investing,0,TickernomicsOfficial,2024-07-30 11:13:28,2024-07-31 13:44:35
META,171,0.3333333333333333,1722520443.0,418,0.95,1722456698.0,self.stocks,0,Puginator,2024-07-31 14:11:38,2024-08-01 07:54:03
META,100,0.45,1722564099.0,270,0.87,1722487975.0,self.stocks,0,r2002,2024-07-31 22:52:55,2024-08-01 20:01:39
MSFT,122,0.18421052631578946,1722572755.0,74,0.84,1706672091.0,self.wallstreetbets,0,MobyDick4Real_,2024-01-30 20:34:51,2024-08-01 22:25:55
NVDA,297,0.1440677966101695,1722607746.0,711,0.86,1719260514.0,self.wallstreetbets,0,odensleep_530,2024-06-24 14:21:54,2024-08-02 08:09:06
AAPL,90,0.09090909090909091,1722828380.0,65,0.74,1722691855.0,self.wallstreetbets,0,VeterinarianSafe1705,2024-08-03 07:30:55,2024-08-04 21:26:20
PLTR,90,0.35294117647058826,1723454273.0,516,0.91,1723296910.0,self.wallstreetbets,0,thesmd1,2024-08-10 07:35:10,2024-08-12 03:17:53
AMD,67,0.6,1724094731.0,312,0.97,1724073141.0,self.stocks,0,Puginator,2024-08-19 07:12:21,2024-08-19 13:12:11
NVDA,229,0.09090909090909091,1724198403.0,1136,0.93,1721956139.0,self.wallstreetbets,0,btctrader12,2024-07-25 19:08:59,2024-08-20 18:00:03
NVDA,349,0.03125,1724811003.0,908,0.9,1707775148.0,self.wallstreetbets,0,frankreddit5,2024-02-12 14:59:08,2024-08-27 20:10:03
NVDA,366,0.16058394160583941,1724899942.0,985,0.95,1724806355.0,self.wallstreetbets,0,AwarenessOk5979,2024-08-27 18:52:35,2024-08-28 20:52:22
NVDA,306,0.22285714285714286,1724943431.0,368,0.72,1723373159.0,self.wallstreetbets,0,Specific_Concern649,2024-08-11 04:45:59,2024-08-29 08:57:11
NVDA,365,0.13793103448275862,1724955469.0,499,0.85,1724769370.0,self.wallstreetbets,0,blackSwanCan,2024-08-27 08:36:10,2024-08-29 12:17:49
AMD,176,0.2898550724637681,1724989710.0,187,0.82,1716169718.0,self.stocks,0,ANTH888YA,2024-05-19 19:48:38,2024-08-29 21:48:30
AMD,149,0.11363636363636363,1725295639.0,285,0.95,1723059920.0,self.wallstreetbets,0,TryingMyBest1000,2024-08-07 13:45:20,2024-09-02 10:47:19
NVDA,318,0.20192307692307693,1725478946.0,877,0.89,1724613687.0,self.wallstreetbets,0,chewbaccashotlast,2024-08-25 13:21:27,2024-09-04 13:42:26
AMD,265,0.27611940298507465,1725514359.0,200,0.77,1709063733.0,self.wallstreetbets,1,pnc1l,2024-02-27 12:55:33,2024-09-04 23:32:39
MSFT,113,0.07692307692307693,1725746299.0,71,0.76,1717295364.0,self.wallstreetbets,0,Impossible_Way7017,2024-06-01 20:29:24,2024-09-07 15:58:19
NVDA,238,0.14414414414414414,1726449825.0,857,0.92,1726107527.0,self.stocks,0,highchillerdeluxe,2024-09-11 20:18:47,2024-09-15 19:23:45
PLTR,241,0.37894736842105264,1726571895.0,246,0.91,1707162896.0,self.wallstreetbets,0,specialtyfaculty,2024-02-05 12:54:56,2024-09-17 05:18:15
NVDA,455,0.0896551724137931,1726800792.0,1019,0.87,1725550179.0,self.wallstreetbets,0,No-Establishment8330,2024-09-05 09:29:39,2024-09-19 20:53:12
META,157,0.55,1727361279.0,249,0.94,1727293342.0,self.stocks,0,Puginator,2024-09-25 13:42:22,2024-09-26 08:34:39
AMD,355,0.3905325443786982,1727701551.0,617,0.94,1625059717.0,self.stocks,0,Thelazyathlete,2021-06-30 07:28:37,2024-09-30 07:05:51
AMD,155,0.5116279069767442,1729396089.0,222,0.73,1706748347.0,self.stocks,0,mickdewgul,2024-01-31 17:45:47,2024-10-19 21:48:09
NVDA,295,0.2033898305084746,1729554922.0,257,0.8,1729353068.0,self.wallstreetbets,0,Opening-Reindeer-112,2024-10-19 09:51:08,2024-10-21 17:55:22
AAPL,397,0.1744186046511628,1729904102.0,11209,0.94,1728239307.0,reddit.com,0,Additional_Battle_36,2024-10-06 12:28:27,2024-10-25 18:55:02
AMD,397,0.1744186046511628,1729904102.0,11211,0.94,1728239307.0,reddit.com,0,Additional_Battle_36,2024-10-06 12:28:27,2024-10-25 18:55:02
MSFT,397,0.1744186046511628,1729904102.0,11205,0.94,1728239307.0,reddit.com,0,Additional_Battle_36,2024-10-06 12:28:27,2024-10-25 18:55:02
TSLA,514,0.19117647058823528,1729969865.0,701,0.86,1729847797.0,self.wallstreetbets,0,CellDesperate4379,2024-10-25 03:16:37,2024-10-26 13:11:05
NVDA,253,0.1282051282051282,1730187619.0,624,0.92,1730139199.0,self.wallstreetbets,0,tke248,2024-10-28 12:13:19,2024-10-29 01:40:19
AMD,476,0.15384615384615385,1730250228.0,1685,0.9,1722988802.0,self.wallstreetbets,1,nickmooo,2024-08-06 18:00:02,2024-10-29 19:03:48
AMD,99,0.23255813953488372,1730250248.0,159,0.9,1729451418.0,self.wallstreetbets,0,Confident_Broccoli_3,2024-10-20 13:10:18,2024-10-29 19:04:08
META,347,0.07100591715976332,1730371182.0,785,0.86,1667140723.0,self.wallstreetbets,1,eatbuttiro,2022-10-30 08:38:43,2024-10-31 04:39:42
META,81,0.35714285714285715,1730383696.0,211,0.92,1730319581.0,self.stocks,0,Puginator,2024-10-30 14:19:41,2024-10-31 08:08:16
TSLA,253,0.3013698630136986,1731342943.0,2782,0.95,1729602899.0,reddit.com,0,zech01,2024-10-22 07:14:59,2024-11-11 09:35:43
TSLA,124,0.23684210526315788,1731481048.0,951,0.94,1731368338.0,self.wallstreetbets,0,luminelin,2024-11-11 16:38:58,2024-11-12 23:57:28
AMD,147,-0.2727272727272727,1731600804.0,716,0.97,1731534750.0,self.stocks,0,Puginator,2024-11-13 14:52:30,2024-11-14 09:13:24
AAPL,244,0.07317073170731707,1731621558.0,61,0.65,1731015652.0,self.investing,0,tickerdesh,2024-11-07 14:40:52,2024-11-14 14:59:18
PLTR,179,0.1388888888888889,1731694292.0,578,0.97,1730818855.0,reddit.com,0,Advanced-Ad-9186,2024-11-05 08:00:55,2024-11-15 11:11:32
AMD,411,0.2,1731697194.0,3804,0.96,1731513443.0,reddit.com,0,DoNotPassLine,2024-11-13 08:57:23,2024-11-15 11:59:54
NVDA,69,0.38461538461538464,1731699245.0,848,0.95,1731539235.0,reddit.com,0,Away_Improvement_573,2024-11-13 16:07:15,2024-11-15 12:34:05
PLTR,259,-0.012658227848101266,1731738029.0,1251,0.95,1730306903.0,self.wallstreetbets,0,bendersd,2024-10-30 10:48:23,2024-11-15 23:20:29
PLTR,204,0.12658227848101267,1731740102.0,1063,0.91,1613441645.0,self.wallstreetbets,0,versello,2021-02-15 19:14:05,2024-11-15 23:55:02
META,448,0.2,1732586183.0,1432,0.84,1688645889.0,self.stocks,0,Billboard_1183,2023-07-06 06:18:09,2024-11-25 18:56:23
AMD,256,0.20481927710843373,1732586343.0,1168,0.89,1730560665.0,self.wallstreetbets,1,Kazgarth_,2024-11-02 09:17:45,2024-11-25 18:59:03
NVDA,256,0.20481927710843373,1732586343.0,1166,0.89,1730560665.0,self.wallstreetbets,1,Kazgarth_,2024-11-02 09:17:45,2024-11-25 18:59:03
TSLA,320,0.2265625,1732648315.0,614,0.92,1721759230.0,self.wallstreetbets,0,GrowYourConscious,2024-07-23 12:27:10,2024-11-26 12:11:55
NVDA,433,0.33935018050541516,1732854075.0,411,0.82,1716987102.0,self.stocks,0,ThrowRAonlinepenis,2024-05-29 06:51:42,2024-11-28 21:21:15
AMC,71,0.19444444444444445,1733149141.0,0,0.48,1706668605.0,self.wallstreetbets,0,Life-Observer,2024-01-30 19:36:45,2024-12-02 07:19:01
META,154,0.3181818181818182,1733453222.0,305,0.95,1733354393.0,self.stocks,1,_hiddenscout,2024-12-04 16:19:53,2024-12-05 19:47:02
AMD,425,0.16911764705882354,1733776044.0,570,0.83,1730524587.0,self.wallstreetbets,0,Gavin_Ray,2024-11-01 23:16:27,2024-12-09 13:27:24
AMD,176,0.25,1733791329.0,108,0.76,1718342147.0,self.investing,0,falldownreddithole,2024-06-13 23:15:47,2024-12-09 17:42:09
MSFT,83,0.058823529411764705,1733847143.0,0,0.39,1727758450.0,self.stocks,0,Airmang74,2024-09-30 22:54:10,2024-12-10 09:12:23
AAPL,83,0.058823529411764705,1733847143.0,0,0.39,1727758450.0,self.stocks,0,Airmang74,2024-09-30 22:54:10,2024-12-10 09:12:23
TSLA,314,0.3944954128440367,1734144855.0,1283,0.84,1734034827.0,self.wallstreetbets,0,wayposri,2024-12-12 13:20:27,2024-12-13 19:54:15
AMD,97,0.30303030303030304,1734266184.0,72,0.81,1734184181.0,self.investing,0,thecrocofwallstreet,2024-12-14 06:49:41,2024-12-15 05:36:24
AAPL,71,0.16129032258064516,1734322730.0,53,0.75,1733996406.0,self.stocks,0,Lukee67,2024-12-12 02:40:06,2024-12-15 21:18:50
AAPL,60,0.7058823529411765,1734418630.0,106,0.88,1734062707.0,self.stocks,0,PotatoTrader1,2024-12-12 21:05:07,2024-12-16 23:57:10
AMD,98,0.07894736842105263,1734442393.0,47,0.78,1733443626.0,self.wallstreetbets,0,SalehD13,2024-12-05 17:07:06,2024-12-17 06:33:13
AMD,399,0.1712707182320442,1734774150.0,625,0.92,1734483264.0,self.wallstreetbets,0,FishusMaximus95,2024-12-17 17:54:24,2024-12-21 02:42:30
NVDA,554,0.18579234972677597,1734819575.0,387,0.91,1734371061.0,reddit.com,0,cheese20202,2024-12-16 10:44:21,2024-12-21 15:19:35
PLTR,104,0.42105263157894735,1735242276.0,1073,0.97,1735095808.0,reddit.com,0,thesmd1,2024-12-24 20:03:28,2024-12-26 12:44:36
AMD,91,0.22580645161290322,1735512669.0,174,0.81,1734911571.0,self.wallstreetbets,0,Grouchy_Seesaw_,2024-12-22 16:52:51,2024-12-29 15:51:09
AMD,232,0.14606741573033707,1735624779.0,445,0.84,1734646884.0,self.stocks,0,Euro347,2024-12-19 15:21:24,2024-12-30 22:59:39
META,221,-0.024390243902439025,1736276327.0,690,0.93,1736256958.0,self.stocks,0,_hiddenscout,2025-01-07 06:35:58,2025-01-07 11:58:47
META,149,0.3448275862068966,1736476103.0,300,0.86,1736290169.0,self.investing,0,themainheadcase,2025-01-07 15:49:29,2025-01-09 19:28:23
AMD,93,0.3541666666666667,1736618596.0,56,0.78,1736352520.0,self.investing,1,Calamity_Armor,2025-01-08 09:08:40,2025-01-11 11:03:16
AMD,100,0.023255813953488372,1736797708.0,376,0.96,1736683526.0,reddit.com,0,Advanced-Ad-9186,2025-01-12 05:05:26,2025-01-13 12:48:28
META,169,0.1206896551724138,1736823061.0,1051,0.95,1736623239.0,reddit.com,1,VeterinarianNo5083,2025-01-11 12:20:39,2025-01-13 19:51:01
MSFT,30,-0.125,1736907292.0,0,0.45,1736587295.0,self.investing,0,StockRegard,2025-01-11 02:21:35,2025-01-14 19:14:52
META,138,0.2692307692307692,1736909800.0,150,0.82,1735735810.0,self.stocks,0,PrestigiousChard9442,2025-01-01 05:50:10,2025-01-14 19:56:40
META,463,0.04666666666666667,1736963206.0,918,0.87,1736614772.0,self.stocks,0,WickedSensitiveCrew,2025-01-11 09:59:32,2025-01-15 10:46:46
AMD,422,0.1,1736982058.0,591,0.9,1736105961.0,self.wallstreetbets,0,One-Hovercraft-1935,2025-01-05 12:39:21,2025-01-15 16:00:58
AMD,130,0.2631578947368421,1737063460.0,276,0.92,1734315825.0,self.wallstreetbets,0,bgood0211,2024-12-15 19:23:45,2025-01-16 14:37:40
META,284,0.08064516129032258,1737101844.0,603,0.96,1736877450.0,self.stocks,0,Puginator,2025-01-14 10:57:30,2025-01-17 01:17:24
TSLA,197,0.2948717948717949,1737470837.0,731,0.91,1737162851.0,self.wallstreetbets,0,HankScorpio2020,2025-01-17 18:14:11,2025-01-21 07:47:17
AAPL,392,0.37222222222222223,1737572215.0,320,0.82,1702244017.0,self.stocks,1,shawndend,2023-12-10 14:33:37,2025-01-22 11:56:55
META,309,0.20454545454545456,1737647702.0,1242,0.88,1737469064.0,self.investing,0,cookingboy,2025-01-21 07:17:44,2025-01-23 08:55:02
AMD,217,0.29069767441860467,1737730933.0,1850,0.95,1737561331.0,reddit.com,0,brokenb3ar,2025-01-22 08:55:31,2025-01-24 08:02:13
NVDA,217,0.29069767441860467,1737730933.0,1856,0.95,1737561331.0,reddit.com,0,brokenb3ar,2025-01-22 08:55:31,2025-01-24 08:02:13
AMD,173,0.1875,1737745333.0,222,0.87,1735292851.0,self.stocks,0,Pretty-Spot-8197,2024-12-27 02:47:31,2025-01-24 12:02:13
AMD,172,0.20634920634920634,1737866427.0,75,0.79,1737704857.0,self.investing,0,ia1v1chem,2025-01-24 00:47:37,2025-01-25 21:40:27
AMD,77,0.07142857142857142,1738012099.0,136,0.9,1735946822.0,self.stocks,2,hoodrichcapital,2025-01-03 16:27:02,2025-01-27 14:08:19
NVDA,330,0.29523809523809524,1738035761.0,550,0.86,1737844615.0,self.wallstreetbets,0,smellyfingernail,2025-01-25 15:36:55,2025-01-27 20:42:41
NVDA,397,0.12941176470588237,1738073929.0,510,0.88,1737832518.0,self.wallstreetbets,0,Jimbo_eh,2025-01-25 12:15:18,2025-01-28 07:18:49
MSFT,70,0.2,1738174817.0,60,0.74,1738041703.0,self.stocks,0,wine_dine_and69,2025-01-27 22:21:43,2025-01-29 11:20:17
META,87,0.14285714285714285,1738292970.0,239,0.98,1738198217.0,self.stocks,0,TheiaFintech,2025-01-29 17:50:17,2025-01-30 20:09:30
META,171,0.4594594594594595,1738294041.0,395,0.88,1738189218.0,self.stocks,0,thelastsubject123,2025-01-29 15:20:18,2025-01-30 20:27:21
PLTR,364,0.19008264462809918,1738509204.0,1867,0.93,1732505208.0,self.wallstreetbets,2,Virtual_Seaweed7130,2024-11-24 20:26:48,2025-02-02 08:13:24
AMD,118,0.2692307692307692,1738554662.0,259,0.91,1735510056.0,self.stocks,0,PrestigiousChard9442,2024-12-29 15:07:36,2025-02-02 20:51:02
AAPL,64,0.3,1738612508.0,13,0.63,1737657673.0,self.investing,0,FortyYearOldVirgin,2025-01-23 11:41:13,2025-02-03 12:55:08
AAPL,139,0.4166666666666667,1738628487.0,990,0.93,1738341960.0,self.stocks,0,leontes,2025-01-31 09:46:00,2025-02-03 17:21:27
PLTR,223,0.11666666666666667,1738713495.0,177,0.87,1738604837.0,reddit.com,0,brokenb3ar,2025-02-03 10:47:17,2025-02-04 16:58:15
PLTR,347,0.29545454545454547,1738734953.0,293,0.87,1731850525.0,self.stocks,0,Sweet-Block5118,2024-11-17 06:35:25,2025-02-04 22:55:53
AMD,438,0.24,1738837926.0,130,0.79,1735328091.0,reddit.com,0,Lofistudyplaylist,2024-12-27 12:34:51,2025-02-06 03:32:06
PLTR,112,0.1836734693877551,1738898375.0,162,0.93,1738646450.0,reddit.com,0,Advanced-Ad-9186,2025-02-03 22:20:50,2025-02-06 20:19:35
PLTR,188,0.15714285714285714,1739061903.0,1213,0.96,1607698292.0,reddit.com,0,thesmd1,2020-12-11 07:51:32,2025-02-08 17:45:03
AMD,154,0.21839080459770116,1739066927.0,253,0.78,1713114655.0,self.wallstreetbets,0,Chance-Progress-7356,2024-04-14 11:10:55,2025-02-08 19:08:47
META,214,0.18333333333333332,1739096026.0,550,0.92,1736200613.0,self.stocks,0,Puginator,2025-01-06 14:56:53,2025-02-09 03:13:46
META,403,0.20454545454545456,1739118154.0,940,0.95,1738769360.0,self.stocks,0,AverageUnited3237,2025-02-05 08:29:20,2025-02-09 09:22:34
MSFT,20,0.5384615384615384,1739135270.0,13,0.77,1737641683.0,self.investing,0,uberdev,2025-01-23 07:14:43,2025-02-09 14:07:50
PLTR,127,0.15217391304347827,1739225651.0,82,0.71,1738633234.0,self.wallstreetbets,0,anono87,2025-02-03 18:40:34,2025-02-10 15:14:11
AMD,209,-0.05,1739229666.0,526,0.96,1738710475.0,self.stocks,0,Puginator,2025-02-04 16:07:55,2025-02-10 16:21:06
MSFT,210,0.22388059701492538,1739284152.0,237,0.83,1738388283.0,self.stocks,0,srvn007,2025-01-31 22:38:03,2025-02-11 07:29:12
PLTR,453,0.37404580152671757,1739298108.0,4049,0.97,1739024574.0,self.wallstreetbets,1,thesmd1,2025-02-08 07:22:54,2025-02-11 11:21:48
META,140,0.17777777777777778,1739313063.0,994,0.95,1739231027.0,self.wallstreetbets,0,MarkusEF,2025-02-10 16:43:47,2025-02-11 15:31:03
AAPL,456,0.3392857142857143,1739531237.0,352,0.78,1715177252.0,self.stocks,0,Witty-Performance-23,2024-05-08 08:07:32,2025-02-14 04:07:17
META,102,0.2727272727272727,1739573555.0,0,0.5,1735676428.0,self.stocks,0,PrestigiousChard9442,2024-12-31 13:20:28,2025-02-14 15:52:35
AMD,176,0.2982456140350877,1739576926.0,1259,0.96,1739406868.0,self.wallstreetbets,1,RelevantAside_,2025-02-12 17:34:28,2025-02-14 16:48:46
META,86,0.27586206896551724,1739660338.0,112,0.86,1739551461.0,self.stocks,0,_hiddenscout,2025-02-14 09:44:21,2025-02-15 15:58:58
PLTR,220,0.28421052631578947,1739828967.0,284,0.78,1731943495.0,self.investing,0,Diamond1africa,2024-11-18 08:24:55,2025-02-17 14:49:27
MSFT,20,0.2857142857142857,1739851953.0,0,0.34,1739460789.0,self.stocks,0,Euro347,2025-02-13 08:33:09,2025-02-17 21:12:33
PLTR,446,0.34210526315789475,1739984450.0,362,0.89,1733499365.0,self.stocks,0,Euro347,2024-12-06 08:36:05,2025-02-19 10:00:50
META,317,0.2,1740015704.0,255,0.79,1666902869.0,self.stocks,0,KendallRoy,2022-10-27 14:34:29,2025-02-19 18:41:44
PLTR,437,0.2206896551724138,1740098394.0,398,0.91,1735241899.0,self.stocks,0,layinpipe6969,2024-12-26 12:38:19,2025-02-20 17:39:54
PLTR,101,0.15151515151515152,1740113362.0,748,0.88,1740000414.0,self.wallstreetbets,0,betsharks0,2025-02-19 14:26:54,2025-02-20 21:49:22
PLTR,350,0.2909090909090909,1740171301.0,2405,0.89,1740072539.0,self.wallstreetbets,0,Potential_Guest4936,2025-02-20 10:28:59,2025-02-21 13:55:01
TSLA,344,0.1834862385321101,1740263945.0,1036,0.79,1739633423.0,self.stocks,0,Counterakt,2025-02-15 08:30:23,2025-02-22 15:39:05
GME,336,-0.2,1740280598.0,85,0.61,1658715122.0,self.wallstreetbets,0,Reecer4,2022-07-24 20:12:02,2025-02-22 20:16:38
AMD,87,-0.025,1740355847.0,229,0.92,1740263434.0,reddit.com,0,Kingcram,2025-02-22 15:30:34,2025-02-23 17:10:47
MSFT,29,0.14285714285714285,1740407372.0,0,0.36,1740229324.0,self.stocks,0,Severe-Pension7895,2025-02-22 06:02:04,2025-02-24 07:29:32
AMD,169,0.13580246913580246,1740492568.0,235,0.93,1740171595.0,reddit.com,0,BruinValue,2025-02-21 13:59:55,2025-02-25 07:09:28
PLTR,77,0.2,1740519134.0,289,0.96,1740409843.0,reddit.com,0,gouthamdoesthings,2025-02-24 08:10:43,2025-02-25 14:32:14
AMD,192,0.25,1740560163.0,90,0.87,1734943826.0,self.stocks,0,Parking-Relative9250,2024-12-23 01:50:26,2025-02-26 01:56:03
AAPL,308,0.3333333333333333,1740669160.0,3591,0.97,1740332813.0,self.stocks,0,confused_boner,2025-02-23 10:46:53,2025-02-27 08:12:40
MSFT,29,0.125,1740686270.0,0,0.42,1740583551.0,self.stocks,0,scottyviscocity,2025-02-26 08:25:51,2025-02-27 12:57:50
AMD,293,0.3431372549019608,1740975291.0,711,0.79,1648964185.0,self.stocks,0,senttoschool,2022-04-02 23:36:25,2025-03-02 21:14:51
AAPL,204,0.07142857142857142,1741022089.0,1452,0.99,1740696011.0,self.wallstreetbets,0,DemBirchez,2025-02-27 15:40:11,2025-03-03 10:14:49
AAPL,493,0.025510204081632654,1741057258.0,1870,0.91,1731870160.0,self.wallstreetbets,0,pls-send-bobs-vagene,2024-11-17 12:02:40,2025-03-03 20:00:58
NVDA,270,-0.1095890410958904,1741094726.0,157,0.73,1741009362.0,self.stocks,1,r2002,2025-03-03 06:42:42,2025-03-04 06:25:26
AMD,228,0.06172839506172839,1741127356.0,306,0.83,1734539454.0,self.stocks,0,floorborgmic,2024-12-18 09:30:54,2025-03-04 15:29:16
MSFT,299,0.13131313131313133,1741166288.0,2656,0.97,1740754076.0,self.stocks,0,WinningWatchlist,2025-02-28 07:47:56,2025-03-05 02:18:08
PLTR,282,0.39823008849557523,1741197548.0,174,0.82,1730035960.0,self.stocks,0,Holiday_Context5033,2024-10-27 07:32:40,2025-03-05 10:59:08
AMD,155,0.36363636363636365,1741481443.0,91,0.85,1739773773.0,self.stocks,0,mrparkx2,2025-02-16 23:29:33,2025-03-08 17:50:43
TSLA,477,-0.02666666666666667,1741616265.0,3544,0.93,1741114387.0,self.stocks,0,Negative-River-2865,2025-03-04 11:53:07,2025-03-10 08:17:45
NVDA,108,0.18421052631578946,1741628094.0,919,0.98,1741037934.0,self.wallstreetbets,0,DemBirchez,2025-03-03 14:38:54,2025-03-10 11:34:54
MSFT,11,-0.4,1741705145.0,0,0.5,1741699701.0,self.stocks,0,Foreign-Age9281,2025-03-11 07:28:21,2025-03-11 08:59:05
TSLA,293,0.26956521739130435,1741707962.0,478,0.88,1733254528.0,reddit.com,0,bringbacktruth,2024-12-03 12:35:28,2025-03-11 09:46:02
TSLA,494,-0.11428571428571428,1741867835.0,18884,0.96,1741563358.0,self.stocks,1,Mountain-Taro-123,2025-03-09 17:35:58,2025-03-13 06:10:35
TSLA,232,0.17307692307692307,1741939877.0,1293,0.94,1741503324.0,self.stocks,0,UndercoverBuddhahaha,2025-03-08 23:55:24,2025-03-14 02:11:17
TSLA,105,0.2571428571428571,1742123868.0,720,0.92,1741703887.0,reddit.com,0,NOSjoker21,2025-03-11 08:38:07,2025-03-16 05:17:48
AMD,227,0.22772277227722773,1742154128.0,124,0.84,1737503747.0,self.stocks,0,jman7784,2025-01-21 16:55:47,2025-03-16 13:42:08
NVDA,227,0.22772277227722773,1742154128.0,123,0.84,1737503747.0,self.stocks,0,jman7784,2025-01-21 16:55:47,2025-03-16 13:42:08
PLTR,431,0.21367521367521367,1742171044.0,2561,0.91,1741615984.0,self.wallstreetbets,0,FizzBuzz888,2025-03-10 08:13:04,2025-03-16 18:24:04
META,39,0.4444444444444444,1742412798.0,375,0.95,1741783768.0,self.stocks,0,_hiddenscout,2025-03-12 06:49:28,2025-03-19 13:33:18
AMD,157,-0.05263157894736842,1742617022.0,92,0.87,1741704897.0,self.stocks,0,Interr0gate,2025-03-11 08:54:57,2025-03-21 22:17:02
TSLA,485,0.17006802721088435,1742761934.0,459,0.78,1742423338.0,self.wallstreetbets,0,TopherBrennan,2025-03-19 16:28:58,2025-03-23 14:32:14
NVDA,547,0.12234042553191489,1742792800.0,834,0.92,1691699876.0,self.wallstreetbets,1,Electavire,2023-08-10 14:37:56,2025-03-23 23:06:40
TSLA,204,-0.01694915254237288,1742795335.0,294,0.85,1742635552.0,self.stocks,0,Chrissylumpy21,2025-03-22 03:25:52,2025-03-23 23:48:55
META,95,0.2,1742874127.0,157,0.84,1742383361.0,self.stocks,0,TarzanSwingTrades,2025-03-19 05:22:41,2025-03-24 21:42:07
TSLA,526,0.11242603550295859,1743174147.0,176,0.68,1742878836.0,self.stocks,0,Life_Floor1074,2025-03-24 23:00:36,2025-03-28 09:02:27
AMD,353,0.15584415584415584,1743246143.0,3341,0.94,1742257215.0,reddit.com,0,brokenb3ar,2025-03-17 18:20:15,2025-03-29 05:02:23
AMD,369,0.20202020202020202,1743577966.0,3975,0.96,1739277231.0,self.wallstreetbets,0,ADropinInfinity,2025-02-11 05:33:51,2025-04-02 01:12:46
META,154,-0.07142857142857142,1743604331.0,321,0.94,1743150704.0,self.wallstreetbets,0,Der_Hebelfluesterer,2025-03-28 02:31:44,2025-04-02 08:32:11
TSLA,158,0.3709677419354839,1743679747.0,738,0.87,1743601000.0,reddit.com,0,DICK_STUCK_IN_COW,2025-04-02 07:36:40,2025-04-03 05:29:07
AAPL,25,0.3,1743702985.0,0,0.36,1743688785.0,self.investing,0,MCK40,2025-04-03 07:59:45,2025-04-03 11:56:25
TSLA,528,-0.14937759336099585,1743719808.0,673,0.81,1743612026.0,self.stocks,0,ysoserious55,2025-04-02 10:40:26,2025-04-03 16:36:48
META,110,-0.12,1743798889.0,16,0.58,1743640852.0,self.wallstreetbets,0,_hopkins,2025-04-02 18:40:52,2025-04-04 14:34:49
MSFT,242,0.3,1743811323.0,224,0.77,1723711303.0,self.stocks,0,Smurfsville,2024-08-15 02:41:43,2025-04-04 18:02:03
AMD,242,0.3,1743811323.0,219,0.77,1723711303.0,self.stocks,0,Smurfsville,2024-08-15 02:41:43,2025-04-04 18:02:03
MSFT,113,0.02857142857142857,1744013605.0,13,0.59,1743970095.0,self.stocks,0,ipunchppl,2025-04-06 14:08:15,2025-04-07 02:13:25
AAPL,35,0.16666666666666666,1744154116.0,0,0.4,1744126082.0,self.stocks,0,Underbadger,2025-04-08 09:28:02,2025-04-08 17:15:16
NVDA,92,0.27906976744186046,1744179734.0,0,0.44,1743546395.0,self.stocks,0,guilhermeqcl,2025-04-01 16:26:35,2025-04-09 00:22:14
AAPL,117,0.25,1744347579.0,0,0.47,1739797493.0,self.stocks,0,growinvest_net,2025-02-17 06:04:53,2025-04-10 22:59:39
AAPL,314,0.034782608695652174,1744436420.0,2275,0.92,1744309247.0,self.stocks,0,Impossumbear,2025-04-10 12:20:47,2025-04-11 23:40:20
AAPL,259,0.05673758865248227,1744502295.0,1507,0.98,1744228864.0,self.stocks,0,Fidler_2K,2025-04-09 14:01:04,2025-04-12 17:58:15
AAPL,185,-0.15,1744636992.0,351,0.9,1744561642.0,self.wallstreetbets,0,MysteriousWhitePowda,2025-04-13 10:27:22,2025-04-14 07:23:12
AMC,531,0.096045197740113,1744643627.0,505,0.8,1703799735.0,self.wallstreetbets,0,USDJPYFX,2023-12-28 14:42:15,2025-04-14 09:13:47
TSLA,467,0.06614785992217899,1744685368.0,886,0.86,1744347147.0,self.stocks,2,chocolateganache444,2025-04-10 22:52:27,2025-04-14 20:49:28
AAPL,104,0.19402985074626866,1744695295.0,140,0.92,1744481851.0,reddit.com,0,Critical_Penalty_815,2025-04-12 12:17:31,2025-04-14 23:34:55
NVDA,146,0.2923076923076923,1744856495.0,386,0.91,1744500657.0,reddit.com,0,Proper_Pudding5646,2025-04-12 17:30:57,2025-04-16 20:21:35
NVDA,384,-0.14102564102564102,1744882000.0,1423,0.95,1744753425.0,self.stocks,0,Comfortable_Pay_9697,2025-04-15 15:43:45,2025-04-17 03:26:40
TSLA,203,0.1,1744972557.0,520,0.89,1744686020.0,self.stocks,0,Much-Dealer3525,2025-04-14 21:00:20,2025-04-18 04:35:57
META,143,-0.07042253521126761,1744988248.0,273,0.85,1744819428.0,self.stocks,0,ChristianTheOne,2025-04-16 10:03:48,2025-04-18 08:57:28
PLTR,54,0.42105263157894735,1745112940.0,0,0.49,1745102094.0,self.wallstreetbets,0,Puzzleheaded_Water_8,2025-04-19 16:34:54,2025-04-19 19:35:40
META,118,-0.027777777777777776,1745228736.0,352,0.94,1745062837.0,self.wallstreetbets,0,degeneratetrader10,2025-04-19 05:40:37,2025-04-21 03:45:36
TSLA,167,0.029850746268656716,1745271023.0,359,0.89,1745124521.0,self.wallstreetbets,0,maverick1027,2025-04-19 22:48:41,2025-04-21 15:30:23
MSFT,89,0.4090909090909091,1745280793.0,27,0.63,1741357847.0,self.stocks,0,Foreign-Age9281,2025-03-07 07:30:47,2025-04-21 18:13:13
TSLA,145,-0.02666666666666667,1745290525.0,376,0.97,1744773770.0,reddit.com,0,KeyKindheartedness34,2025-04-15 21:22:50,2025-04-21 20:55:25
TSLA,98,0.20588235294117646,1745343475.0,115,0.82,1745210332.0,self.wallstreetbets,0,crazyrichmaya,2025-04-20 22:38:52,2025-04-22 11:37:55
MSFT,359,0.2677165354330709,1745369445.0,4669,0.96,1740668950.0,reddit.com,0,ringedfalls,2025-02-27 08:09:10,2025-04-22 18:50:45
PLTR,15,0.1,1745493100.0,0,0.28,1745480349.0,self.investing,0,Icy_Abbreviations167,2025-04-24 01:39:09,2025-04-24 05:11:40
META,91,0.1724137931034483,1745498271.0,854,0.98,1745402627.0,self.stocks,1,SPXQuantAlgo,2025-04-23 04:03:47,2025-04-24 06:37:51
PLTR,186,0.16666666666666666,1745507890.0,227,0.8,1727036968.0,self.wallstreetbets,0,One-Hovercraft-1935,2024-09-22 14:29:28,2025-04-24 09:18:10
META,108,-0.037037037037037035,1745529893.0,912,0.98,1745420160.0,self.stocks,0,Ok_Travel_6226,2025-04-23 08:56:00,2025-04-24 15:24:53
TSLA,35,0.05555555555555555,1745611140.0,0,0.21,1745349034.0,self.stocks,0,No_Smile821,2025-04-22 13:10:34,2025-04-25 13:59:00
META,65,-0.13333333333333333,1745637582.0,265,0.99,1745523707.0,self.stocks,1,_hiddenscout,2025-04-24 13:41:47,2025-04-25 21:19:42
AMD,84,0.0625,1745663810.0,31,0.79,1745607993.0,reddit.com,0,AutisticKitty741,2025-04-25 13:06:33,2025-04-26 04:36:50
NVDA,231,0.19444444444444445,1745674839.0,758,0.9,1745224410.0,reddit.com,0,kawkface,2025-04-21 02:33:30,2025-04-26 07:40:39
AAPL,271,0.30303030303030304,1745703801.0,1629,0.98,1744056434.0,self.wallstreetbets,0,Conscious_Bad_4030,2025-04-07 14:07:14,2025-04-26 15:43:21
MSFT,415,0.15789473684210525,1745718928.0,982,0.9,1729987865.0,self.wallstreetbets,0,coop-dog7,2024-10-26 18:11:05,2025-04-26 19:55:28
