date,ticker,comment_sentiment_average,num_comments,score,upvote_ratio
2020-08-18,TSLA,0.06382978723404255,382,8884.0,0.96
2020-11-18,PLTR,0.35,315,1453.0,0.96
2020-11-20,PLTR,0.2,384,894.0,0.91
2020-11-25,PLTR,0.09517217118351307,1059,2154.75,0.97
2020-11-26,PLTR,0.25952380952380955,973,1449.0,0.96
2020-11-27,PLTR,0.13038793103448276,317,2045.0,0.975
2020-11-30,PLTR,0.08849557522123894,354,1221.0,0.97
2020-12-01,PLTR,0.0922267593716661,740,3399.5,0.965
2020-12-02,PLTR,0.10218978102189781,351,838.0,0.93
2020-12-03,PLTR,0.17791411042944785,383,1182.0,0.94
2020-12-04,PLTR,0.2846153846153846,338,859.0,0.95
2020-12-07,PLTR,0.2551438598458828,949,2260.0,0.9633333333333333
2020-12-08,PLTR,0.1875765743690272,571,1590.5,0.955
2020-12-10,PLTR,0.11926605504587157,274,839.0,0.97
2020-12-11,PLTR,0.15714285714285714,188,1208.0,0.96
2020-12-14,PLTR,0.0915032679738562,438,1762.0,0.97
2020-12-15,PLTR,0.23529411764705882,268,757.0,0.96
2020-12-16,PLTR,0.06451612903225806,201,1051.0,0.96
2020-12-21,PLTR,0.049019607843137254,330,993.0,0.96
2020-12-25,PLTR,0.10810810810810811,159,1947.0,0.98
2020-12-28,PLTR,0.12903225806451613,322,679.0,0.92
2020-12-29,PLTR,0.14705882352941177,297,1466.0,0.97
2021-01-12,PLTR,0.0380952380952381,388,700.0,0.86
2021-01-13,PLTR,0.3305785123966942,289,1121.0,0.97
2021-01-15,PLTR,0.2708333333333333,265,1000.0,0.96
2021-01-22,PLTR,0.5319148936170213,391,3448.0,0.97
2021-01-24,PLTR,0.0826610475617098,536,1581.5,0.98
2021-01-25,PLTR,0.27350427350427353,207,3152.0,0.95
2021-02-12,PLTR,0.35812979140666784,905,2571.0,0.965
2021-02-12,TSLA,0.2682926829268293,355,3041.0,0.95
2021-02-16,PLTR,0.12658227848101267,204,1065.0,0.91
2021-02-21,PLTR,0.26804123711340205,381,1558.0,0.91
2021-02-23,PLTR,0.13385826771653545,173,1678.0,0.9
2021-03-05,PLTR,0.3780487804878049,338,576.0,0.79
2021-03-06,PLTR,0.3157894736842105,286,819.0,0.84
2021-03-29,PLTR,0.22060185185185183,647,1747.0,0.9099999999999999
2021-04-30,PLTR,0.17857142857142858,293,1861.0,0.95
2021-05-10,PLTR,0.07142857142857142,312,1197.0,0.92
2021-05-11,PLTR,0.35294117647058826,299,1229.0,0.89
2021-05-28,PLTR,0.23255813953488372,334,3966.0,0.95
2021-06-24,PLTR,0.4827586206896552,140,1273.0,0.89
2021-06-29,PLTR,0.21839080459770116,236,816.0,0.9
2021-07-01,PLTR,0.27380952380952384,287,991.0,0.91
2021-08-12,PLTR,0.2018348623853211,335,1378.0,0.93
2021-09-06,PLTR,0.19607843137254902,216,895.0,0.82
2021-11-24,PLTR,0.1076923076923077,404,1306.0,0.87
2021-12-17,TSLA,0.09285714285714286,441,2338.0,0.96
2022-02-23,PLTR,0.11009174311926606,486,756.0,0.9
2022-07-01,TSLA,0.18106995884773663,512,1629.0,0.92
2022-09-07,PLTR,0.1015625,396,552.0,0.83
2022-11-27,TSLA,0.140625,486,1298.0,0.93
2022-12-24,TSLA,0.24390243902439024,381,1967.0,0.83
2023-12-07,TSLA,0.03773584905660377,381,1522.0,0.95
2024-02-05,PLTR,0.37894736842105264,241,242.0,0.91
2024-06-10,TSLA,0.2261904761904762,309,851.0,0.85
2024-07-23,TSLA,0.2265625,320,606.0,0.92
2024-08-10,PLTR,0.35294117647058826,90,517.0,0.91
2024-09-22,PLTR,0.16666666666666666,186,228.0,0.8
2024-10-22,TSLA,0.3013698630136986,253,2779.0,0.95
2024-10-25,TSLA,0.19117647058823528,514,695.0,0.86
2024-10-27,PLTR,0.39823008849557523,282,170.0,0.82
2024-10-30,PLTR,-0.012658227848101266,259,1250.0,0.95
2024-11-05,PLTR,0.1388888888888889,179,583.0,0.97
2024-11-11,TSLA,0.23684210526315788,124,953.0,0.94
2024-11-17,PLTR,0.29545454545454547,347,294.0,0.87
2024-11-18,PLTR,0.28421052631578947,220,285.0,0.78
2024-11-25,PLTR,0.19008264462809918,364,1868.0,0.93
2024-12-03,TSLA,0.26956521739130435,293,468.0,0.88
2024-12-06,PLTR,0.34210526315789475,446,367.0,0.89
2024-12-12,TSLA,0.3944954128440367,314,1283.0,0.84
2024-12-25,PLTR,0.42105263157894735,104,1074.0,0.97
2024-12-26,PLTR,0.2206896551724138,437,401.0,0.91
2025-01-18,TSLA,0.2948717948717949,197,732.0,0.91
2025-02-03,PLTR,0.11666666666666667,223,178.0,0.87
2025-02-04,PLTR,0.16792369121561668,239,119.5,0.815
2025-02-08,PLTR,0.37404580152671757,453,4061.0,0.97
2025-02-15,TSLA,0.1834862385321101,344,1031.0,0.79
2025-02-19,PLTR,0.15151515151515152,101,744.0,0.88
2025-02-20,PLTR,0.2909090909090909,350,2407.0,0.89
2025-02-24,PLTR,0.2,77,295.0,0.96
2025-03-04,TSLA,-0.02666666666666667,477,3550.0,0.93
2025-03-09,TSLA,0.029395604395604395,726,10089.0,0.95
2025-03-10,PLTR,0.21367521367521367,431,2555.0,0.91
2025-03-11,TSLA,0.2571428571428571,105,718.0,0.92
2025-03-19,TSLA,0.17006802721088435,485,459.0,0.78
2025-03-22,TSLA,-0.01694915254237288,204,296.0,0.85
2025-03-25,TSLA,0.11242603550295859,526,178.0,0.68
2025-04-02,TSLA,0.11079507428724401,686,703.5,0.8400000000000001
2025-04-11,TSLA,0.06614785992217899,467,884.0,0.86
2025-04-15,TSLA,0.1,203,514.0,0.89
2025-04-16,TSLA,-0.02666666666666667,145,383.0,0.97
2025-04-19,PLTR,0.42105263157894735,54,0.0,0.48
2025-04-20,TSLA,0.029850746268656716,167,360.0,0.89
2025-04-21,TSLA,0.20588235294117646,98,117.0,0.82
2025-04-22,TSLA,0.05555555555555555,35,0.0,0.15
2025-04-24,PLTR,0.1,15,0.0,0.26
