date,ticker,comment_sentiment_average,num_comments,score,upvote_ratio,Open,High,Low,Close,Volume,daily_return
2020-08-18,TSLA,0.06382978723404255,382,8884.0,0.96,126.59933471679688,128.25999450683594,123.00733184814453,125.80599975585938,247117500.0,-0.006266501816239342
2020-11-18,PLTR,0.35,315,1453.0,0.96,18.280000686645508,19.25,17.540000915527344,17.899999618530273,89957900.0,-0.020787803820644542
2020-11-20,PLTR,0.2,384,894.0,0.91,19.030000686645508,19.65999984741211,18.0,18.149999618530273,72104000.0,-0.04624282902589614
2020-11-25,PLTR,0.09517217118351307,1059,2154.75,0.97,23.959999084472656,29.75,23.690000534057617,29.049999237060547,202563700.0,0.21243741014524828
2020-11-27,PLTR,0.13038793103448276,317,2045.0,0.975,31.190000534057617,33.5,26.1200008392334,27.65999984741211,207834000.0,-0.11317732049382166
2020-11-30,PLTR,0.08849557522123894,354,1221.0,0.97,28.239999771118164,30.149999618530273,24.110000610351562,27.110000610351562,137243000.0,-0.04001413491236226
2020-12-01,PLTR,0.0922267593716661,740,3399.5,0.965,28.09000015258789,28.139999389648438,24.450000762939453,25.670000076293945,84050000.0,-0.08615165764144697
2020-12-02,PLTR,0.10218978102189781,351,838.0,0.93,22.239999771118164,23.399999618530273,21.149999618530273,22.510000228881836,149062100.0,0.01214030847762446
2020-12-03,PLTR,0.17791411042944785,383,1182.0,0.94,23.549999237060547,25.6200008392334,23.5,24.030000686645508,85634300.0,0.020382227818911535
2020-12-04,PLTR,0.2846153846153846,338,859.0,0.95,24.8799991607666,25.239999771118164,23.510000228881836,23.850000381469727,56044100.0,-0.041398666159164724
2020-12-07,PLTR,0.2551438598458828,949,2260.0,0.9633333333333333,24.440000534057617,29.0,24.440000534057617,28.940000534057617,118463700.0,0.18412438222859948
2020-12-08,PLTR,0.1875765743690272,571,1590.5,0.955,30.6299991607666,31.239999771118164,27.25,28.59000015258789,124754300.0,-0.06660134064880119
2020-12-10,PLTR,0.11926605504587157,274,839.0,0.97,25.541000366210938,28.040000915527344,25.149999618530273,27.040000915527344,57774800.0,0.0586899701587055
2020-12-11,PLTR,0.15714285714285714,188,1208.0,0.96,27.149999618530273,28.270000457763672,26.059999465942383,27.200000762939453,52764400.0,0.001841662803378206
2020-12-14,PLTR,0.0915032679738562,438,1762.0,0.97,28.260000228881836,28.260000228881836,26.729999542236328,27.239999771118164,44734500.0,-0.036093434164987274
2020-12-15,PLTR,0.23529411764705882,268,757.0,0.96,26.81999969482422,27.100000381469727,25.520000457763672,26.43000030517578,49273200.0,-0.014541364432740856
2020-12-16,PLTR,0.06451612903225806,201,1051.0,0.96,25.709999084472656,26.15999984741211,25.110000610351562,25.920000076293945,44013400.0,0.008168066872787929
2020-12-21,PLTR,0.049019607843137254,330,993.0,0.96,26.190000534057617,28.700000762939453,25.399999618530273,28.510000228881836,76729100.0,0.08858341533087327
2020-12-28,PLTR,0.12903225806451613,322,679.0,0.92,28.389999389648438,28.59000015258789,25.399999618530273,25.6299991607666,55878700.0,-0.09721734019790741
2020-12-29,PLTR,0.14705882352941177,297,1466.0,0.97,25.75,26.18199920654297,24.34000015258789,24.65999984741211,47302400.0,-0.04233010301312196
2021-01-12,PLTR,0.0380952380952381,388,700.0,0.86,26.34000015258789,26.420000076293945,25.510000228881836,26.18000030517578,26887200.0,-0.00607440571318256
2021-01-13,PLTR,0.3305785123966942,289,1121.0,0.97,25.709999084472656,27.43000030517578,25.1299991607666,25.5,51216600.0,-0.008167992685751727
2021-01-15,PLTR,0.2708333333333333,265,1000.0,0.96,26.260000228881836,28.0,25.459999084472656,25.639999389648438,92285500.0,-0.023610085065859817
2021-01-22,PLTR,0.5319148936170213,391,3448.0,0.97,25.850000381469727,32.650001525878906,25.81999969482422,32.58000183105469,156844700.0,0.26034821471063824
2021-01-25,PLTR,0.27350427350427353,207,3152.0,0.95,34.459999084472656,39.58000183105469,29.559999465942383,36.22999954223633,191345300.0,0.051363914822656426
2021-02-12,PLTR,0.35812979140666784,905,2571.0,0.965,33.36000061035156,33.650001525878906,31.34000015258789,31.90999984741211,60925600.0,-0.04346524989239718
2021-02-12,TSLA,0.2682926829268293,355,3041.0,0.95,267.086669921875,272.4433288574219,261.77667236328125,272.0400085449219,71304900.0,0.018545809959350523
2021-02-16,PLTR,0.12658227848101267,204,1065.0,0.91,30.020000457763672,30.440000534057617,27.299999237060547,27.84000015258789,180294300.0,-0.07261826355542232
2021-02-23,PLTR,0.13385826771653545,173,1678.0,0.9,25.959999084472656,27.459999084472656,23.899999618530273,26.75,145289400.0,0.030431469313874655
2021-03-05,PLTR,0.3780487804878049,338,576.0,0.79,24.360000610351562,24.68000030517578,20.18000030517578,23.950000762939453,173468600.0,-0.01683086359357001
2021-03-29,PLTR,0.22060185185185183,647,1747.0,0.9099999999999999,22.479999542236328,22.5,21.389999389648438,21.729999542236328,57647400.0,-0.03336299000321907
2021-04-30,PLTR,0.17857142857142858,293,1861.0,0.95,23.18000030517578,23.549999237060547,22.84000015258789,23.040000915527344,24717300.0,-0.006039662976931779
2021-05-10,PLTR,0.07142857142857142,312,1197.0,0.92,19.280000686645508,19.299999237060547,18.18000030517578,18.469999313354492,104670500.0,-0.04201251786531685
2021-05-11,PLTR,0.35294117647058826,299,1229.0,0.89,17.200000762939453,20.299999237060547,17.05500030517578,20.209999084472656,203230500.0,0.17499989465226043
2021-05-28,PLTR,0.23255813953488372,334,3966.0,0.95,23.0,24.75,22.760000228881836,22.950000762939453,111846000.0,-0.00217387987219769
2021-06-24,PLTR,0.4827586206896552,140,1273.0,0.89,26.489999771118164,26.709999084472656,26.170000076293945,26.530000686645508,48419400.0,0.001510038349300268
2021-06-29,PLTR,0.21839080459770116,236,816.0,0.9,27.3799991607666,27.440000534057617,26.440000534057617,26.6299991607666,38478900.0,-0.027392257961595973
2021-07-01,PLTR,0.27380952380952384,287,991.0,0.91,26.100000381469727,26.1299991607666,24.59000015258789,24.719999313354492,55429800.0,-0.052873603369561505
2021-08-12,PLTR,0.2018348623853211,335,1378.0,0.93,24.450000762939453,25.760000228881836,23.584999084472656,24.889999389648438,189287200.0,0.017995853291584374
2021-11-24,PLTR,0.1076923076923077,404,1306.0,0.87,20.350000381469727,21.200000762939453,20.059999465942383,21.110000610351562,35233900.0,0.03734644789362637
2021-12-17,TSLA,0.09285714285714286,441,2338.0,0.96,304.92333984375,320.2200012207031,303.0133361816406,310.8566589355469,100437300.0,0.019458395985158923
2022-02-23,PLTR,0.11009174311926606,486,756.0,0.9,10.829999923706055,11.260000228881836,10.399999618530273,10.430000305175781,93964500.0,-0.03693440640333749
2022-07-01,TSLA,0.18106995884773663,512,1629.0,0.92,227.0,230.22999572753906,222.1199951171875,227.26333618164062,74460300.0,0.0011600712847604625
2022-09-07,PLTR,0.1015625,396,552.0,0.83,7.269999980926514,7.429999828338623,7.179999828338623,7.389999866485596,30330000.0,0.016506174122959055
2023-12-07,TSLA,0.03773584905660377,381,1522.0,0.95,241.5500030517578,244.0800018310547,236.97999572753906,242.63999938964844,107142300.0,0.004512508069217732
2024-02-05,PLTR,0.37894736842105264,241,242.0,0.91,17.559999465942383,17.8700008392334,16.479999542236328,16.719999313354492,167698300.0,-0.04783600103274894
2024-06-10,TSLA,0.2261904761904762,309,851.0,0.85,176.05999755859375,178.57000732421875,173.1699981689453,173.7899932861328,50869700.0,-0.01289335626456241
2024-07-23,TSLA,0.2265625,320,606.0,0.92,253.60000610351562,255.75999450683594,245.6300048828125,246.3800048828125,111928200.0,-0.028470035674037136
2024-10-22,TSLA,0.3013698630136986,253,2779.0,0.95,217.30999755859375,218.22000122070312,215.25999450683594,217.97000122070312,43268700.0,0.0030371527749496053
2024-10-25,TSLA,0.19117647058823528,514,695.0,0.86,256.010009765625,269.489990234375,255.32000732421875,269.19000244140625,161611900.0,0.05148233339722701
2024-10-30,PLTR,-0.012658227848101266,259,1250.0,0.95,44.58000183105469,44.79999923706055,43.61000061035156,43.689998626708984,31309200.0,-0.019964180524679156
2024-11-05,PLTR,0.1388888888888889,179,583.0,0.97,47.86000061035156,51.57500076293945,46.86000061035156,51.130001068115234,208868200.0,0.06832428784082399
2024-11-11,TSLA,0.23684210526315788,124,953.0,0.94,346.29998779296875,358.6400146484375,336.0,350.0,210521600.0,0.010684413333688181
2024-11-18,PLTR,0.28421052631578947,220,285.0,0.78,64.91999816894531,64.91999816894531,58.849998474121094,61.2599983215332,137877600.0,-0.05637707872214454
2024-11-25,PLTR,0.19008264462809918,364,1868.0,0.93,66.9000015258789,67.87999725341797,64.08000183105469,64.6500015258789,80640500.0,-0.033632286228418594
2024-12-03,TSLA,0.26956521739130435,293,468.0,0.88,351.79998779296875,355.69000244140625,348.20001220703125,351.4200134277344,58267200.0,-0.0010800863513900593
2024-12-06,PLTR,0.34210526315789475,446,367.0,0.89,72.94999694824219,76.81999969482422,72.27999877929688,76.33999633789062,93640900.0,0.04647017863556091
2024-12-12,TSLA,0.3944954128440367,314,1283.0,0.84,424.8399963378906,429.29998779296875,415.0,418.1000061035156,87752200.0,-0.015864773308712773
2024-12-26,PLTR,0.2206896551724138,437,401.0,0.91,83.16000366210938,83.48999786376953,81.30000305175781,82.13999938964844,60377100.0,-0.012265563101768925
2025-02-03,PLTR,0.11666666666666667,223,178.0,0.87,80.125,84.25,78.47000122070312,83.73999786376953,126592700.0,0.045116978018964506
2025-02-04,PLTR,0.16792369121561668,239,119.5,0.815,102.80000305175781,106.91000366210938,100.51000213623047,103.83000183105469,230806800.0,0.010019443080933476
2025-02-19,PLTR,0.15151515151515152,101,744.0,0.88,123.86000061035156,125.41000366210938,108.55999755859375,112.05999755859375,147487300.0,-0.09526887609890446
2025-02-20,PLTR,0.2909090909090909,350,2407.0,0.89,102.91000366210938,107.4000015258789,95.80000305175781,106.2699966430664,243093900.0,0.03264981888436326
2025-02-24,PLTR,0.2,77,295.0,0.96,95.87999725341797,99.01000213623047,89.30000305175781,90.68000030517578,184485000.0,-0.054234429466014776
2025-03-04,TSLA,-0.02666666666666667,477,3550.0,0.93,270.92999267578125,284.3500061035156,261.8399963378906,272.0400085449219,126706600.0,0.004097057908494347
2025-03-10,PLTR,0.21367521367521367,431,2555.0,0.91,82.0,82.69000244140625,74.56999969482422,76.37999725341797,136843800.0,-0.06853661886075647
2025-03-11,TSLA,0.2571428571428571,105,718.0,0.92,225.30999755859375,237.05999755859375,217.02000427246094,230.5800018310547,174896400.0,0.023390015221541285
2025-03-19,TSLA,0.17006802721088435,485,459.0,0.78,231.61000061035156,241.41000366210938,229.1999969482422,235.86000061035156,111993800.0,0.018349812135918846
2025-03-25,TSLA,0.11242603550295859,526,178.0,0.68,283.6000061035156,288.20001220703125,271.2799987792969,288.1400146484375,150361500.0,0.01600849240907543
2025-04-02,TSLA,0.11079507428724401,686,703.5,0.8400000000000001,254.60000610351562,284.989990234375,251.27000427246094,282.760009765625,212787800.0,0.11060488211716712
2025-04-11,TSLA,0.06614785992217899,467,884.0,0.86,251.83999633789062,257.739990234375,241.36000061035156,252.30999755859375,128948100.0,0.0018662691690661008
2025-04-15,TSLA,0.1,203,514.0,0.89,249.91000366210938,258.75,247.5399932861328,254.11000061035156,79594300.0,0.016806037720365888
2025-04-16,TSLA,-0.02666666666666667,145,383.0,0.97,247.61000061035156,251.97000122070312,233.88999938964844,241.5500030517578,112378700.0,-0.024473961244117885
2025-04-21,TSLA,0.20588235294117646,98,117.0,0.82,230.25999450683594,232.2100067138672,222.7899932861328,227.5,97768000.0,-0.01198642652948556
2025-04-22,TSLA,0.05555555555555555,35,0.0,0.15,230.9600067138672,242.7899932861328,229.85000610351562,237.97000122070312,120858500.0,0.030351551364130813
